cluster_profile,cluster_label,clade,number_Conti,number_hostType,Num_Sequence,Range_of_Host,Range_of_HostType,Host_Range_Per_Continent,Continent_of_Earliest_Date,Host_of_Earliest_Sample_Date,Range_of_Continent,Length_Between_First_Last_Sample,number_Mammal,prop_Mammal,group
10_1_2_1_1_15_1_1,H5N2/2022/R1_Europe,2.3.4.4b,1,2,3,"Anseriformes, Galliformes","Anseriformes wild, Galliformes","Anseriformes wild - Europe, Galliformes - Europe",Europe,Anseriformes wild,Europe,0.08219178082185863,0,0,minor
10_1_2_1_1_1_1_1,H5N1/2023/R21_Europe,2.3.4.4b,1,4,28,"Galliformes, Anseriformes, Falconiformes, Mammal, Accipitriformes","Galliformes, Anseriformes wild, Avian other, Mammal","Galliformes - Europe, Anseriformes wild - Europe, Avian other - Europe, Mammal - Europe",Europe,Anseriformes wild,Europe,0.2762407365821673,1,0.03571428571428571,major
10_6_2_1_11_1_1_1,H5N1/2024/R2_Europe,2.3.4.4b,1,1,3,Charadriiformes,Charadriiformes,Charadriiformes - Europe,Europe,Charadriiformes,Europe,0.08469945355182062,0,0,minor
10_6_2_1_1_15_1_1,H5N2/2022/R3_Europe,2.3.4.4b,1,1,1,Anseriformes,Anseriformes wild,Anseriformes wild - Europe,Europe,Anseriformes wild,Europe,0,0,0,minor
10_6_2_1_1_1_1_1,H5N1/2023/R17_Europe,2.3.4.4b,1,4,117,"Anseriformes, Ciconiiformes, Galliformes, Gruiformes","Anseriformes wild, Avian other, Galliformes, Anseriformes domestic","Anseriformes wild - Europe, Avian other - Europe, Galliformes - Europe, Anseriformes domestic - Europe",Europe,Galliformes,Europe,0.9365671083164671,0,0,major
11_1_13_1_5_1_1_5,H5N1/2022/R59_Asia,2.3.4.4b,1,2,4,"environment, Galliformes","environment, Galliformes","environment - Asia, Galliformes - Asia",Asia,Galliformes,Asia,0.07945205479450124,0,0,minor
11_1_3_1_9_1_1_5,H5N1/2021/R11_Europe,2.3.4.4b,1,3,7,"Pelecaniformes, Anseriformes","Avian other, Anseriformes wild, Anseriformes domestic","Avian other - Europe, Anseriformes wild - Europe, Anseriformes domestic - Europe",Europe,Avian other,Europe,0.2575342465754602,0,0,minor
11_1_6_1_5_1_1_5,H5N1/2022/R65_Asia,2.3.4.4b,1,1,1,Gruiformes,Avian other,Avian other - Asia,Asia,Avian other,Asia,0,0,0,minor
11_1_6_1_5_1_1_6,H5N1/2022/R50_Asia,2.3.4.4b,1,1,1,Anseriformes,Anseriformes wild,Anseriformes wild - Asia,Asia,Anseriformes wild,Asia,0,0,0,minor
11_7_1_1_6_1_1_1,H5N1/2022/R51_Asia,2.3.4.4b,1,1,1,Anseriformes,Anseriformes wild,Anseriformes wild - Asia,Asia,Anseriformes wild,Asia,0,0,0,minor
11_7_6_1_5_1_1_1,H5N1/2023/R11_Asia,2.3.4.4b,1,2,2,"Strigiformes, Anseriformes","Avian other, Anseriformes wild","Avian other - Asia, Anseriformes wild - Asia",Asia,Avian other,Asia,0.07671232876714384,0,0,minor
11_7_6_1_5_1_1_13,H5N1/2023/R35_Asia,2.3.4.4b,1,1,2,Anseriformes,Anseriformes domestic,Anseriformes domestic - Asia,Asia,Anseriformes domestic,Asia,0,0,0,minor
11_7_6_1_5_1_1_5,H5N1/2022/R69_Asia,2.3.4.4b,1,1,2,environment,environment,environment - Asia,Asia,environment,Asia,0.002739726027357392,0,0,minor
11_7_6_1_5_1_1_6,H5N1/2022/R32_Asia,2.3.4.4b,1,7,113,"Anseriformes, Galliformes, Passeriformes, Suliformes, Charadriiformes, Gruiformes, Strigiformes, environment, Accipitriformes, Pelecaniformes, Falconiformes, Mammal","Anseriformes wild, Galliformes, Avian other, Charadriiformes, environment, Mammal, Anseriformes domestic","Anseriformes wild - Asia, Galliformes - Asia, Avian other - Asia, Charadriiformes - Asia, environment - Asia, Mammal - Asia, Anseriformes domestic - Asia",Asia,Galliformes,Asia,1.1726027397260168,2,0.017699115044247787,major
11_7_7_1_5_1_1_12,H5N1/2022/R66_Asia,2.3.4.4b,1,1,1,Gruiformes,Avian other,Avian other - Asia,Asia,Avian other,Asia,0,0,0,minor
11_9_2_1_13_1_1_1,H5N1/2023/R22_Asia,2.3.4.4b,1,1,1,environment,environment,environment - Asia,Asia,environment,Asia,0,0,0,minor
11_9_6_2_5_18_1_2,H5N2/2020/R3_Asia,2.3.4.4b,1,1,1,Anseriformes,Anseriformes wild,Anseriformes wild - Asia,Asia,Anseriformes wild,Asia,0,0,0,minor
12_1_5_2_3_3_1_2,H5N8/2020/R2_Asia,2.3.4.4b,1,4,111,"Galliformes, Accipitriformes, Anseriformes, unknown avian","Galliformes, Avian other, Anseriformes domestic, Anseriformes wild","Galliformes - Asia, Avian other - Asia, Anseriformes domestic - Asia, Anseriformes wild - Asia",Asia,Avian other,Asia,0.301077924994388,0,0,minor
13_1_2_1_1_1_1_1,H5N1/2022/R27_Europe,2.3.4.4b,1,3,6,"Galliformes, Falconiformes, Anseriformes","Galliformes, Avian other, Anseriformes wild","Galliformes - Europe, Avian other - Europe, Anseriformes wild - Europe",Europe,Galliformes,Europe,0.20547945205476026,0,0,minor
13_1_4_1_18_1_1_4,H5N1/2023/R13_Europe,2.3.4.4b,1,1,1,Falconiformes,Avian other,Avian other - Europe,Europe,Avian other,Europe,0,0,0,minor
13_1_4_1_4_1_1_4,H5N1/2023/R2_Europe,2.3.4.4b,1,5,101,"Charadriiformes, Anseriformes, Galliformes, Accipitriformes, Mammal, Falconiformes","Charadriiformes, Anseriformes domestic, Galliformes, Avian other, Mammal","Charadriiformes - Europe, Anseriformes domestic - Europe, Galliformes - Europe, Avian other - Europe, Mammal - Europe",Europe,Charadriiformes,Europe,0.8000000000001819,1,0.009900990099009901,major
14_1_12_1_6_1_1_1,H5N1/2021/R18_Asia,2.3.4.4b,1,1,1,environment,environment,environment - Asia,Asia,environment,Asia,0,0,0,minor
14_1_1_1_1_1_1_1,H5N1/2021/R2_Europe,2.3.4.4b,1,4,10,"Accipitriformes, Galliformes, Anseriformes, Strigiformes, Mammal","Avian other, Galliformes, Anseriformes wild, Mammal","Avian other - Europe, Galliformes - Europe, Anseriformes wild - Europe, Mammal - Europe",Europe,Galliformes,Europe,0.33698630136973406,1,0.1,major
14_1_1_1_9_1_1_1,H5N1/2021/R13_Europe,2.3.4.4b,1,1,1,Anseriformes,Anseriformes wild,Anseriformes wild - Europe,Europe,Anseriformes wild,Europe,0,0,0,minor
14_1_3_1_14_24_1_2,H5N5/2021/R3_Europe,2.3.4.4b,1,1,1,Anseriformes,Anseriformes wild,Anseriformes wild - Europe,Europe,Anseriformes wild,Europe,0,0,0,minor
14_1_3_1_1_1_1_1,H5N1/2022/R23_Europe,2.3.4.4b,1,5,25,"Anseriformes, Charadriiformes, Galliformes, Sphenisciformes, Gruiformes, Strigiformes","Anseriformes wild, Charadriiformes, Anseriformes domestic, Galliformes, Avian other","Anseriformes wild - Europe, Charadriiformes - Europe, Anseriformes domestic - Europe, Galliformes - Europe, Avian other - Europe",Europe,Anseriformes wild,Europe,0.3452054794520336,0,0,minor
14_2_11_2_3_17_1_15,H5N6/2019/R1_Africa,2.3.4.4b,1,1,1,Anseriformes,Anseriformes domestic,Anseriformes domestic - Africa,Africa,Anseriformes domestic,Africa,0,0,0,minor
14_2_2_2_3_17_1_2,H5N6/2019/R2_Europe,2.3.4.4b,1,1,2,Accipitriformes,Avian other,Avian other - Europe,Europe,Avian other,Europe,0.22465753424648938,0,0,minor
14_6_1_1_1_1_1_5,H5N1/2021/R7_Europe,2.3.4.4b,1,4,37,"Galliformes, Anseriformes, Pelecaniformes, Accipitriformes","Galliformes, Anseriformes domestic, Avian other, Anseriformes wild","Galliformes - Europe, Anseriformes domestic - Europe, Avian other - Europe, Anseriformes wild - Europe",Europe,Galliformes,Europe,2.169863013698432,0,0,major
15_10_19_1_7_1_1_3,H5N1/2022/R3_NAmerica,2.3.4.4b,1,2,4,"Galliformes, Anseriformes","Galliformes, Anseriformes wild","Galliformes - North America, Anseriformes wild - North America",North America,Galliformes,North America,0.00821917808229955,0,0,minor
15_10_1_1_2_1_1_3,H5N1/2022/R31_NAmerica,2.3.4.4b,1,2,2,"Galliformes, Anseriformes","Galliformes, Anseriformes domestic","Galliformes - North America, Anseriformes domestic - North America",North America,Galliformes,North America,0,0,0,minor
15_1_1_1_1_1_1_1,H5N1/2022/R30_NAmerica,2.3.4.4b,1,1,2,Galliformes,Galliformes,Galliformes - North America,North America,Galliformes,North America,0,0,0,minor
15_1_1_1_2_1_1_1,H5N1/2022/R47_NAmerica,2.3.4.4b,1,1,2,Anseriformes,Anseriformes wild,Anseriformes wild - North America,North America,Anseriformes wild,North America,0.008219178082072176,0,0,minor
15_3_1_1_2_1_1_3,H5N1/2023/R5_NAmerica,2.3.4.4b,1,2,32,"Accipitriformes, Passeriformes, Anseriformes, Falconiformes, Strigiformes","Avian other, Anseriformes wild","Avian other - North America, Anseriformes wild - North America",North America,Avian other,North America,0.2767123287671893,0,0,minor
16_17_10_1_8_6_1_8,H5N6/2021/R4_Asia,2.3.4.4b,1,1,1,Anseriformes,Anseriformes domestic,Anseriformes domestic - Asia,Asia,Anseriformes domestic,Asia,0,0,0,minor
16_8_10_1_8_6_1_8,H5N6/2021/R1_Asia,2.3.4.4b,1,4,25,"Anseriformes, Galliformes, Mammal, environment","Anseriformes domestic, Galliformes, Mammal, environment","Anseriformes domestic - Asia, Galliformes - Asia, Mammal - Asia, environment - Asia",Asia,Anseriformes domestic,Asia,1.317808219178005,1,0.04,major
17_1_1_1_1_1_1_1,H5N1/2022/R42_Africa,2.3.4.4b,1,2,13,"Galliformes, Anseriformes","Galliformes, Anseriformes domestic","Galliformes - Africa, Anseriformes domestic - Africa",Africa,Galliformes,Africa,0.16986301369865942,0,0,minor
17_1_6_1_5_2_1_10,H5N8/2021/R13_Asia,2.3.4.4b,1,1,10,Anseriformes,Anseriformes domestic,Anseriformes domestic - Asia,Asia,Anseriformes domestic,Asia,0.16712328767130202,0,0,minor
18_1_2_1_1_18_1_1,H5N2/2022/R2_Asia,2.3.4.4b,1,2,2,"Passeriformes, Galliformes","Avian other, Galliformes","Avian other - Asia, Galliformes - Asia",Asia,Avian other,Asia,0.22191780821913198,0,0,minor
18_1_2_1_1_1_1_1,H5N1/2023/R19_Europe,2.3.4.4b,1,1,7,Galliformes,Galliformes,Galliformes - Europe,Europe,Galliformes,Europe,0.054794520548057335,0,0,minor
18_6_2_1_14_1_1_1,H5N1/2023/R15_Europe,2.3.4.4b,1,1,1,Accipitriformes,Avian other,Avian other - Europe,Europe,Avian other,Europe,0,0,0,minor
18_9_2_1_1_1_1_1,H5N1/2023/R18_Europe,2.3.4.4b,1,1,5,Galliformes,Galliformes,Galliformes - Europe,Europe,Galliformes,Europe,0.12054794520554424,0,0,minor
19_8_11_1_8_6_1_9,H5N6/2022/R1_Asia,2.3.4.4b,1,1,1,Galliformes,Galliformes,Galliformes - Asia,Asia,Galliformes,Asia,0,0,0,minor
19_8_11_1_8_9_1_9,H5N6/2021/R2_Asia,2.3.4.4b,1,4,12,"Mammal, environment, Anseriformes, Galliformes","Mammal, environment, Anseriformes domestic, Galliformes","Mammal - Asia, environment - Asia, Anseriformes domestic - Asia, Galliformes - Asia",Asia,Mammal,Asia,0.6246575342465803,3,0.25,major
1_1_11_1_1_11_1_7,H5N4/2021/R1_Europe,2.3.4.4b,1,2,3,"Charadriiformes, Falconiformes","Charadriiformes, Avian other","Charadriiformes - Europe, Avian other - Europe",Europe,Charadriiformes,Europe,0.05753424657541473,0,0,minor
1_1_12_1_1_1_1_1,H5N1/2022/R36_Asia,2.3.4.4b,1,3,12,"Passeriformes, Mammal, Anseriformes","Avian other, Mammal, Anseriformes wild","Avian other - Asia, Mammal - Asia, Anseriformes wild - Asia",Asia,Avian other,Asia,0.3479452054796184,2,0.16666666666666666,major
1_1_12_1_1_2_1_5,H5N8/2021/R7_Europe,2.3.4.4b,1,1,1,Galliformes,Galliformes,Galliformes - Europe,Europe,Galliformes,Europe,0,0,0,minor
1_1_18_1_1_1_1_1,H5N1/2022/R1_Europe,2.3.4.4b,1,1,1,Charadriiformes,Charadriiformes,Charadriiformes - Europe,Europe,Charadriiformes,Europe,0,0,0,minor
1_1_18_2_5_19_1_5,H5N2/2020/R1_Europe,2.3.4.4b,1,1,2,Galliformes,Galliformes,Galliformes - Europe,Europe,Galliformes,Europe,0.027322404371716402,0,0,minor
1_1_1_1_1_1_1_1,H5N1/2021/R3_Europe,2.3.4.4b,4,7,132,"Anseriformes, Galliformes, Charadriiformes, Ciconiiformes, Mammal, Falconiformes, environment, Pelecaniformes, unknown avian, Accipitriformes, Podicipediformes, Suliformes","Anseriformes wild, Anseriformes domestic, Galliformes, Charadriiformes, Avian other, Mammal, environment","Anseriformes wild - Europe, Anseriformes domestic - Asia, Anseriformes wild - Asia, Galliformes - Africa, Charadriiformes - Europe, Avian other - Europe, Avian other - Africa, Galliformes - Europe, Mammal - Asia, Avian other - Asia, Galliformes - Asia, environment - Asia, Anseriformes domestic - Europe, Anseriformes wild - North America, Charadriiformes - Asia",Africa,Galliformes,"Europe, Asia, Africa, North America",2.627067894303309,2,0.015151515151515152,dominant
1_1_1_1_5_1_1_5,H5N1/2022/R64_Asia,2.3.4.4b,1,1,1,environment,environment,environment - Asia,Asia,environment,Asia,0,0,0,minor
1_1_2_1_10_1_1_5,H5N1/2021/R9_Europe,2.3.4.4b,1,1,1,Anseriformes,Anseriformes wild,Anseriformes wild - Europe,Europe,Anseriformes wild,Europe,0,0,0,minor
1_1_2_1_10_8_1_1,H5N3/2021/R1_Europe,2.3.4.4b,1,2,13,"Charadriiformes, Accipitriformes, Falconiformes","Charadriiformes, Avian other","Charadriiformes - Europe, Avian other - Europe",Europe,Charadriiformes,Europe,0.19164608129358385,0,0,minor
1_1_2_1_11_1_1_1,H5N1/2022/R20_Europe,2.3.4.4b,1,1,1,Anseriformes,Anseriformes wild,Anseriformes wild - Europe,Europe,Anseriformes wild,Europe,0,0,0,minor
1_1_2_1_1_11_1_7,H5N4/2021/R2_Europe,2.3.4.4b,1,2,4,"Charadriiformes, Falconiformes","Charadriiformes, Avian other","Charadriiformes - Europe, Avian other - Europe",Europe,Charadriiformes,Europe,0.08767123287680079,0,0,minor
1_1_2_1_1_1_1_1,H5N1/2021/R1_Europe,2.3.4.4b,3,7,1381,"Charadriiformes, Mammal, Galliformes, Anseriformes, Pelecaniformes, Passeriformes, Falconiformes, Ciconiiformes, Accipitriformes, Suliformes, Gruiformes, unknown avian, Rheiformes, Strigiformes, Podicipediformes, environment, Phoenicopteriformes, Procellariiformes","Charadriiformes, Mammal, Galliformes, Anseriformes wild, Avian other, Anseriformes domestic, environment","Charadriiformes - Europe, Mammal - Europe, Galliformes - Europe, Anseriformes wild - Europe, Avian other - Europe, Anseriformes domestic - Europe, Anseriformes domestic - Africa, environment - Europe, environment - Africa, Anseriformes wild - Africa, Anseriformes wild - Asia",Europe,Galliformes,"Europe, Africa, Asia",2.410532225465886,59,0.042722664735698766,dominant
1_1_2_1_1_1_1_17,H5N1/2021/R17_Europe,2.3.4.4b,1,1,1,Anseriformes,Anseriformes wild,Anseriformes wild - Europe,Europe,Anseriformes wild,Europe,0,0,0,minor
1_1_2_1_1_1_1_7,H5N1/2024/R1_Europe,2.3.4.4b,1,4,90,"Anseriformes, Galliformes, Accipitriformes, Passeriformes","Anseriformes domestic, Anseriformes wild, Galliformes, Avian other","Anseriformes domestic - Europe, Anseriformes wild - Europe, Galliformes - Europe, Avian other - Europe",Europe,Anseriformes wild,Europe,1.092604236843954,0,0,major
1_1_2_1_9_1_1_1,H5N1/2022/R21_Europe,2.3.4.4b,1,1,1,Galliformes,Galliformes,Galliformes - Europe,Europe,Galliformes,Europe,0,0,0,minor
1_1_2_1_9_1_1_5,H5N1/2022/R22_Europe,2.3.4.4b,1,1,1,Anseriformes,Anseriformes wild,Anseriformes wild - Europe,Europe,Anseriformes wild,Europe,0,0,0,minor
1_1_3_1_1_1_1_1,H5N1/2022/R18_Europe,2.3.4.4b,1,1,1,Anseriformes,Anseriformes domestic,Anseriformes domestic - Europe,Europe,Anseriformes domestic,Europe,0,0,0,minor
1_1_3_1_9_1_1_1,H5N1/2022/R8_Europe,2.3.4.4b,1,2,2,"Galliformes, Anseriformes","Galliformes, Anseriformes domestic","Galliformes - Europe, Anseriformes domestic - Europe",Europe,Galliformes,Europe,0,0,0,minor
1_1_4_1_4_1_1_4,H5N1/2022/R12_Europe,2.3.4.4b,2,6,882,"Charadriiformes, Galliformes, Mammal, Falconiformes, Accipitriformes, Passeriformes, Anseriformes, Ciconiiformes, Strigiformes, Columbiformes, Podicipediformes, unknown avian, Suliformes, Pelecaniformes","Charadriiformes, Galliformes, Mammal, Avian other, Anseriformes wild, Anseriformes domestic","Charadriiformes - Europe, Galliformes - Europe, Mammal - Europe, Avian other - Europe, Anseriformes wild - Europe, Anseriformes domestic - Europe, Avian other - Africa",Europe,Charadriiformes,"Europe, Africa",1.5068493150683935,121,0.13718820861678005,dominant
1_1_6_1_10_27_1_2,H5N8/2021/R12_Europe,2.3.4.4b,1,1,1,Charadriiformes,Charadriiformes,Charadriiformes - Europe,Europe,Charadriiformes,Europe,0,0,0,minor
1_1_6_1_1_1_1_1,H5N1/2022/R41_Asia,2.3.4.4b,1,1,1,Anseriformes,Anseriformes wild,Anseriformes wild - Asia,Asia,Anseriformes wild,Asia,0,0,0,minor
1_1_6_1_9_1_1_1,H5N1/2023/R8_Europe,2.3.4.4b,1,1,2,Galliformes,Galliformes,Galliformes - Europe,Europe,Galliformes,Europe,0,0,0,minor
1_1_7_1_1_1_1_5,H5N1/2022/R61_Asia,2.3.4.4b,1,1,1,Galliformes,Galliformes,Galliformes - Asia,Asia,Galliformes,Asia,0,0,0,minor
1_1_7_1_5_1_1_1,H5N1/2023/R7_Asia,2.3.4.4b,1,1,3,"Pelecaniformes, Passeriformes",Avian other,Avian other - Asia,Asia,Avian other,Asia,0.16164383561635987,0,0,minor
1_1_7_1_5_1_1_5,H5N1/2022/R25_Asia,2.3.4.4b,1,5,11,"Anseriformes, environment, Pelecaniformes, Accipitriformes, Falconiformes, Galliformes, Gruiformes","Anseriformes wild, environment, Avian other, Galliformes, Anseriformes domestic","Anseriformes wild - Asia, environment - Asia, Avian other - Asia, Galliformes - Asia, Anseriformes domestic - Asia",Asia,Avian other,Asia,0.22739726027407414,0,0,minor
1_1_7_2_3_3_1_2,H5N8/2020/R7_Asia,2.3.4.4b,1,4,8,"Accipitriformes, Galliformes, Anseriformes","Avian other, Galliformes, Anseriformes wild, Anseriformes domestic","Avian other - Asia, Galliformes - Asia, Anseriformes wild - Asia, Anseriformes domestic - Asia",Asia,Anseriformes domestic,Asia,0.20532225465967713,0,0,minor
1_1_7_2_3_3_1_5,H5N8/2020/R8_Asia,2.3.4.4b,1,3,10,"Anseriformes, Galliformes, unknown avian","Anseriformes domestic, Galliformes, Avian other","Anseriformes domestic - Asia, Galliformes - Asia, Avian other - Asia",Asia,Avian other,Asia,0.07103825136596242,0,0,minor
1_2_15_2_1_13_1_2,H5N8/2019/R8_Europe,2.3.4.4b,1,2,6,"Galliformes, Anseriformes","Galliformes, Anseriformes domestic","Galliformes - Europe, Anseriformes domestic - Europe",Europe,Anseriformes domestic,Europe,1.1878883149936428,0,0,major
1_2_2_1_5_5_1_2,H5N5/2020/R3_Europe,2.3.4.4b,1,1,2,Falconiformes,Avian other,Avian other - Europe,Europe,Avian other,Europe,0,0,0,minor
1_2_3_2_3_3_2_2,H5N8/2019/R6_Africa,2.3.4.4b,1,1,4,Anseriformes,Anseriformes domestic,Anseriformes domestic - Africa,Africa,Anseriformes domestic,Africa,0,0,0,minor
1_6_2_1_1_1_1_1,H5N1/2023/R16_Europe,2.3.4.4b,2,5,43,"Galliformes, Anseriformes, Charadriiformes, Suliformes, Falconiformes, Accipitriformes, Strigiformes","Galliformes, Anseriformes wild, Charadriiformes, Avian other, Anseriformes domestic","Galliformes - Europe, Anseriformes wild - Europe, Charadriiformes - Europe, Avian other - Europe, Anseriformes domestic - Europe, Anseriformes wild - Asia",Europe,Avian other,"Europe, Asia",0.9092971030765966,0,0,major
1_6_2_1_1_1_1_10,H5N1/2023/R32_Europe,2.3.4.4b,1,3,12,"Anseriformes, Passeriformes, Galliformes","Anseriformes wild, Avian other, Galliformes","Anseriformes wild - Europe, Avian other - Europe, Galliformes - Europe",Europe,Anseriformes wild,Europe,0.18048506624745642,0,0,minor
1_6_6_1_5_1_1_1,H5N1/2022/R43_Asia,2.3.4.4b,1,1,1,Anseriformes,Anseriformes wild,Anseriformes wild - Asia,Asia,Anseriformes wild,Asia,0,0,0,minor
1_6_6_1_5_1_1_5,H5N1/2022/R26_Asia,2.3.4.4b,1,4,13,"Anseriformes, unknown avian, environment, Pelecaniformes","Anseriformes wild, Avian other, environment, Anseriformes domestic","Anseriformes wild - Asia, Avian other - Asia, environment - Asia, Anseriformes domestic - Asia",Asia,Anseriformes wild,Asia,0.1753424657533742,0,0,minor
1_7_1_1_9_1_1_1,H5N1/2022/R48_Asia,2.3.4.4b,1,1,1,Strigiformes,Avian other,Avian other - Asia,Asia,Avian other,Asia,0,0,0,minor
1_7_6_1_5_1_1_6,H5N1/2022/R49_Asia,2.3.4.4b,1,1,1,environment,environment,environment - Asia,Asia,environment,Asia,0,0,0,minor
1_9_5_2_3_3_1_2,H5N8/2020/R6_Asia,2.3.4.4b,1,1,1,Anseriformes,Anseriformes domestic,Anseriformes domestic - Asia,Asia,Anseriformes domestic,Asia,0,0,0,minor
20_1_2_1_5_1_1_6,H5N1/2023/R10_Asia,2.3.4.4b,1,1,1,Accipitriformes,Avian other,Avian other - Asia,Asia,Avian other,Asia,0,0,0,minor
20_1_7_1_5_1_1_1,H5N1/2022/R54_Asia,2.3.4.4b,1,1,1,Anseriformes,Anseriformes wild,Anseriformes wild - Asia,Asia,Anseriformes wild,Asia,0,0,0,minor
20_7_6_1_3_1_1_1,H5N1/2022/R55_Asia,2.3.4.4b,1,1,1,environment,environment,environment - Asia,Asia,environment,Asia,0,0,0,minor
20_7_7_1_9_7_1_1,H5N6/2023/R3_Asia,2.3.4.4b,1,3,7,"Falconiformes, Anseriformes","Avian other, Anseriformes domestic, Anseriformes wild","Avian other - Asia, Anseriformes domestic - Asia, Anseriformes wild - Asia",Asia,Anseriformes domestic,Asia,0.05205479452047257,0,0,minor
20_9_13_1_5_1_1_1,H5N1/2022/R63_Asia,2.3.4.4b,1,1,1,Galliformes,Galliformes,Galliformes - Asia,Asia,Galliformes,Asia,0,0,0,minor
21_16_16_1_8_10_1_9,H5N6/2021/R5_Asia,2.3.4.4b,1,1,1,Anseriformes,Anseriformes domestic,Anseriformes domestic - Asia,Asia,Anseriformes domestic,Asia,0,0,0,minor
21_6_16_1_8_10_1_9,H5N6/2021/R9_Asia,2.3.4.4b,1,1,5,Galliformes,Galliformes,Galliformes - Asia,Asia,Galliformes,Asia,0,0,0,minor
22_2_3_1_3_2_1_2,H5N8/2022/R3_Africa,2.3.4.4b,1,2,3,Anseriformes,"Anseriformes domestic, Anseriformes wild","Anseriformes domestic - Africa, Anseriformes wild - Africa",Africa,Anseriformes wild,Africa,0.15068493150670292,0,0,minor
23_13_23_2_15_21_3_14,H5N3/2019/R1_Asia,2.3.4.4b,1,1,1,unknown avian,Avian other,Avian other - Asia,Asia,Avian other,Asia,0,0,0,minor
24_1_1_1_1_1_1_1,H5N1/2021/R5_Europe,2.3.4.4b,1,1,1,Anseriformes,Anseriformes wild,Anseriformes wild - Europe,Europe,Anseriformes wild,Europe,0,0,0,minor
25_1_1_1_1_1_1_1,H5N1/2021/R6_Europe,2.3.4.4b,1,1,1,Passeriformes,Avian other,Avian other - Europe,Europe,Avian other,Europe,0,0,0,minor
26_18_24_1_17_10_1_16,H5N6/2021/R6_Asia,2.3.4.4b,1,1,1,Galliformes,Galliformes,Galliformes - Asia,Asia,Galliformes,Asia,0,0,0,minor
27_1_1_1_1_1_1_1,H5N1/2022/R14_NAmerica,2.3.4.4b,1,1,1,Anseriformes,Anseriformes wild,Anseriformes wild - North America,North America,Anseriformes wild,North America,0,0,0,minor
28_3_1_1_2_1_1_3,H5N1/2023/R3_NAmerica,2.3.4.4b,1,1,1,Passeriformes,Avian other,Avian other - North America,North America,Avian other,North America,0,0,0,minor
2_1_12_1_1_1_1_1,H5N1/2023/R12_Asia,2.3.4.4b,1,1,1,Galliformes,Galliformes,Galliformes - Asia,Asia,Galliformes,Asia,0,0,0,minor
2_1_17_1_1_1_1_1,H5N1/2021/R14_Africa,2.3.4.4b,1,2,6,"unknown avian, Galliformes","Avian other, Galliformes","Avian other - Africa, Galliformes - Africa",Africa,Avian other,Africa,0.27123287671224716,0,0,minor
2_1_18_1_1_1_1_1,H5N1/2022/R24_Europe,2.3.4.4b,1,2,2,"Suliformes, Anseriformes","Avian other, Anseriformes wild","Avian other - Europe, Anseriformes wild - Europe",Europe,Avian other,Europe,1.0986301369862304,0,0,major
2_1_1_1_10_1_1_1,H5N1/2021/R12_Europe,2.3.4.4b,1,3,14,"Charadriiformes, Columbiformes, Strigiformes, Falconiformes, Galliformes, Accipitriformes","Charadriiformes, Avian other, Galliformes","Charadriiformes - Europe, Avian other - Europe, Galliformes - Europe",Europe,Charadriiformes,Europe,0.17808219178095896,0,0,minor
2_1_1_1_1_16_1_2,H5N8/2020/R5_Europe,2.3.4.4b,1,1,3,Galliformes,Galliformes,Galliformes - Europe,Europe,Galliformes,Europe,0,0,0,minor
2_1_1_1_1_1_1_1,H5N1/2020/R1_Europe,2.3.4.4b,4,7,1958,"Anseriformes, Galliformes, Accipitriformes, Charadriiformes, Passeriformes, Falconiformes, Strigiformes, Mammal, Pelecaniformes, Ciconiiformes, Casuariiformes, Suliformes, Struthioniformes, Gruiformes, Psittaciformes, Procellariiformes, Sphenisciformes, unknown avian, environment, Apodiformes, Caprimulgidae","Anseriformes wild, Galliformes, Avian other, Charadriiformes, Anseriformes domestic, Mammal, environment","Anseriformes wild - Europe, Galliformes - Europe, Avian other - Europe, Charadriiformes - Europe, Anseriformes domestic - Europe, Mammal - Europe, Galliformes - Africa, Avian other - Africa, Anseriformes wild - North America, Avian other - Asia, Anseriformes wild - Asia, Galliformes - North America, Anseriformes domestic - North America, Avian other - North America, Mammal - Asia, Mammal - North America, Charadriiformes - Africa, Anseriformes domestic - Africa, Charadriiformes - North America, Anseriformes wild - Africa, Galliformes - Asia, Charadriiformes - Asia, environment - Asia, Anseriformes domestic - Asia",Europe,Anseriformes wild,"Europe, Africa, North America, Asia",3.4480874316939207,72,0.03677221654749745,dominant
2_1_1_1_1_1_1_11,H5N1/2022/R39_NAmerica,2.3.4.4b,1,4,11,"Suliformes, Charadriiformes, Galliformes, Anseriformes","Avian other, Charadriiformes, Galliformes, Anseriformes domestic","Avian other - North America, Charadriiformes - North America, Galliformes - North America, Anseriformes domestic - North America",North America,Avian other,North America,0.94520547945217,0,0,major
2_1_1_1_1_1_5_1,H5N1/2021/R16_Europe,2.3.4.4b,1,1,1,Anseriformes,Anseriformes wild,Anseriformes wild - Europe,Europe,Anseriformes wild,Europe,0,0,0,minor
2_1_1_1_1_28_6_1,H5N2/2021/R1_Africa,2.3.4.4b,1,1,1,Galliformes,Galliformes,Galliformes - Africa,Africa,Galliformes,Africa,0,0,0,minor
2_1_1_1_1_30_1_1,H5N5/2024/R1_Asia,2.3.4.4b,1,1,1,Falconiformes,Avian other,Avian other - Asia,Asia,Avian other,Asia,0,0,0,minor
2_1_1_1_1_4_1_1,H5N5/2021/R4_Europe,2.3.4.4b,1,3,8,"Anseriformes, Galliformes, Accipitriformes","Anseriformes wild, Galliformes, Avian other","Anseriformes wild - Europe, Galliformes - Europe, Avian other - Europe",Europe,Anseriformes wild,Europe,0.22739726027407414,0,0,minor
2_1_1_1_2_1_1_1,H5N1/2022/R4_NAmerica,2.3.4.4b,1,4,34,"Galliformes, Anseriformes, Accipitriformes, Falconiformes, Pelecaniformes, unknown avian, Strigiformes","Galliformes, Anseriformes domestic, Anseriformes wild, Avian other","Galliformes - North America, Anseriformes domestic - North America, Anseriformes wild - North America, Avian other - North America",North America,Anseriformes wild,North America,0.18356164383567375,0,0,minor
2_1_1_1_5_1_1_18,H5N1/2022/R62_Asia,2.3.4.4b,1,1,1,Galliformes,Galliformes,Galliformes - Asia,Asia,Galliformes,Asia,0,0,0,minor
2_1_1_1_6_1_1_1,H5N1/2022/R40_Asia,2.3.4.4b,1,4,51,"Anseriformes, Galliformes, Pelecaniformes, Gruiformes","Anseriformes wild, Anseriformes domestic, Galliformes, Avian other","Anseriformes wild - Asia, Anseriformes domestic - Asia, Galliformes - Asia, Avian other - Asia",Asia,Anseriformes domestic,Asia,0.27123287671247454,0,0,minor
2_1_1_1_9_1_1_1,H5N1/2022/R57_Europe,2.3.4.4b,1,1,2,Anseriformes,Anseriformes wild,Anseriformes wild - Europe,Europe,Anseriformes wild,Europe,0.054794520548057335,0,0,minor
2_1_2_1_1_1_1_1,H5N1/2021/R8_Europe,2.3.4.4b,2,4,17,"Anseriformes, Accipitriformes, Pelecaniformes, Galliformes, Phoenicopteriformes, Charadriiformes, Suliformes","Anseriformes wild, Avian other, Galliformes, Charadriiformes","Anseriformes wild - Europe, Avian other - Europe, Galliformes - Asia, Charadriiformes - Europe, Galliformes - Europe",Europe,Anseriformes wild,"Europe, Asia",2.4186241485142546,0,0,dominant
2_1_4_1_9_1_1_1,H5N1/2022/R17_Europe,2.3.4.4b,1,1,1,Anseriformes,Anseriformes wild,Anseriformes wild - Europe,Europe,Anseriformes wild,Europe,0,0,0,minor
2_1_6_1_1_4_1_1,H5N5/2021/R5_Europe,2.3.4.4b,2,3,54,"Charadriiformes, Pelecaniformes, Anseriformes, Accipitriformes, Suliformes, Passeriformes, Procellariiformes","Charadriiformes, Avian other, Anseriformes wild","Charadriiformes - Europe, Avian other - Europe, Anseriformes wild - Europe, Avian other - Asia",Europe,Anseriformes wild,"Europe, Asia",3.213114754098342,0,0,dominant
2_1_6_1_5_1_1_1,H5N1/2021/R15_Asia,2.3.4.4b,1,2,5,"Anseriformes, Galliformes","Anseriformes domestic, Galliformes","Anseriformes domestic - Asia, Galliformes - Asia",Asia,Anseriformes domestic,Asia,0.14520547945198814,0,0,minor
2_4_1_1_1_1_1_1,H5N1/2022/R13_NAmerica,2.3.4.4b,1,1,1,Pelecaniformes,Avian other,Avian other - North America,North America,Avian other,North America,0,0,0,minor
2_5_1_1_1_1_1_11,H5N1/2023/R27_NAmerica,2.3.4.4b,1,1,2,Galliformes,Galliformes,Galliformes - North America,North America,Galliformes,North America,0,0,0,minor
2_6_1_1_1_1_1_1,H5N1/2021/R10_Asia,2.3.4.4b,1,1,2,Anseriformes,Anseriformes wild,Anseriformes wild - Asia,Asia,Anseriformes wild,Asia,0,0,0,minor
2_6_1_1_6_1_1_1,H5N1/2021/R4_Asia,2.3.4.4b,3,5,60,"Galliformes, Anseriformes, Falconiformes, environment","Galliformes, Anseriformes wild, Anseriformes domestic, Avian other, environment","Galliformes - Asia, Anseriformes wild - Asia, Anseriformes domestic - Asia, Avian other - Asia, environment - Asia, Anseriformes wild - Europe, Anseriformes wild - North America",Asia,Anseriformes wild,"Asia, Europe, North America",1.147945205479573,0,0,dominant
2_6_1_1_6_1_1_12,H5N1/2022/R67_Asia,2.3.4.4b,1,1,1,Gruiformes,Avian other,Avian other - Asia,Asia,Avian other,Asia,0,0,0,minor
2_6_1_1_6_1_1_6,H5N1/2023/R9_Asia,2.3.4.4b,1,1,1,Anseriformes,Anseriformes wild,Anseriformes wild - Asia,Asia,Anseriformes wild,Asia,0,0,0,minor
2_6_1_1_9_1_1_1,H5N1/2022/R52_Europe,2.3.4.4b,1,1,1,Anseriformes,Anseriformes wild,Anseriformes wild - Europe,Europe,Anseriformes wild,Europe,0,0,0,minor
2_6_1_4_6_1_1_1,H5N1/2023/R14_Asia,2.3.4.4b,1,1,1,Anseriformes,Anseriformes domestic,Anseriformes domestic - Asia,Asia,Anseriformes domestic,Asia,0,0,0,minor
2_6_6_1_5_1_1_6,H5N1/2022/R53_Asia,2.3.4.4b,1,1,1,Gruiformes,Avian other,Avian other - Asia,Asia,Avian other,Asia,0,0,0,minor
2_9_1_1_6_1_1_1,H5N1/2023/R20_Asia,2.3.4.4b,1,1,1,Galliformes,Galliformes,Galliformes - Asia,Asia,Galliformes,Asia,0,0,0,minor
3_12_3_1_3_2_1_2,H5N8/2021/R10_Asia,2.3.4.4b,1,1,2,Anseriformes,Anseriformes domestic,Anseriformes domestic - Asia,Asia,Anseriformes domestic,Asia,0.08493150684921602,0,0,minor
3_14_3_1_3_2_1_2,H5N8/2021/R8_Asia,2.3.4.4b,1,1,1,Anseriformes,Anseriformes domestic,Anseriformes domestic - Asia,Asia,Anseriformes domestic,Asia,0,0,0,minor
3_15_3_1_11_7_1_8,H5N6/2021/R3_Asia,2.3.4.4b,1,1,1,Mammal,Mammal,Mammal - Asia,Asia,Mammal,Asia,0,1,1,major
3_19_3_1_3_9_1_9,H5N6/2021/R10_Asia,2.3.4.4b,1,1,1,Anseriformes,Anseriformes domestic,Anseriformes domestic - Asia,Asia,Anseriformes domestic,Asia,0,0,0,minor
3_1_12_1_3_2_1_2,H5N8/2021/R6_Europe,2.3.4.4b,1,1,1,Galliformes,Galliformes,Galliformes - Europe,Europe,Galliformes,Europe,0,0,0,minor
3_1_22_1_11_20_1_8,H5N6/2023/R2_Asia,2.3.4.4b,1,2,2,"Anseriformes, Mammal","Anseriformes domestic, Mammal","Anseriformes domestic - Asia, Mammal - Asia",Asia,Mammal,Asia,0.41917808219182007,1,0.5,major
3_1_2_1_11_1_1_2,H5N1/2020/R2_Europe,2.3.4.4b,1,1,1,Charadriiformes,Charadriiformes,Charadriiformes - Europe,Europe,Charadriiformes,Europe,0,0,0,minor
3_1_2_1_3_2_1_2,H5N8/2021/R1_Europe,2.3.4.4b,1,5,14,"Anseriformes, Accipitriformes, Galliformes, Charadriiformes","Anseriformes wild, Avian other, Galliformes, Anseriformes domestic, Charadriiformes","Anseriformes wild - Europe, Avian other - Europe, Galliformes - Europe, Anseriformes domestic - Europe, Charadriiformes - Europe",Europe,Galliformes,Europe,0.2575342465754602,0,0,minor
3_1_2_1_5_5_1_2,H5N5/2021/R1_Europe,2.3.4.4b,1,1,3,Galliformes,Galliformes,Galliformes - Europe,Europe,Galliformes,Europe,1.0136986301370143,0,0,major
3_1_3_1_3_14_1_2,H5N1/2022/R9_Asia,2.3.4.4b,1,3,6,"Galliformes, Anseriformes, Columbiformes","Galliformes, Anseriformes domestic, Avian other","Galliformes - Asia, Anseriformes domestic - Asia, Avian other - Asia",Asia,Anseriformes domestic,Asia,0.263013698630175,0,0,minor
3_1_3_1_9_2_1_2,H5N8/2022/R2_Asia,2.3.4.4b,1,1,1,Anseriformes,Anseriformes wild,Anseriformes wild - Asia,Asia,Anseriformes wild,Asia,0,0,0,minor
3_2_1_1_3_2_1_2,H5N8/2020/R9_Europe,2.3.4.4b,1,1,1,Anseriformes,Anseriformes wild,Anseriformes wild - Europe,Europe,Anseriformes wild,Europe,0,0,0,minor
3_2_2_1_1_2_1_2,H5N8/2021/R5_Europe,2.3.4.4b,1,1,1,Strigiformes,Avian other,Avian other - Europe,Europe,Avian other,Europe,0,0,0,minor
3_2_2_1_1_5_1_2,H5N5/2021/R2_Europe,2.3.4.4b,1,4,7,"Galliformes, Anseriformes, Accipitriformes","Galliformes, Anseriformes domestic, Avian other, Anseriformes wild","Galliformes - Europe, Anseriformes domestic - Europe, Avian other - Europe, Anseriformes wild - Europe",Europe,Avian other,Europe,0.3753424657534197,0,0,minor
3_2_2_1_3_2_1_2,H5N8/2020/R1_Europe,2.3.4.4b,1,4,6,"Anseriformes, Galliformes, Accipitriformes","Anseriformes domestic, Galliformes, Anseriformes wild, Avian other","Anseriformes domestic - Europe, Galliformes - Europe, Anseriformes wild - Europe, Avian other - Europe",Europe,Anseriformes domestic,Europe,0.5387005015345494,0,0,major
3_2_2_1_3_5_1_2,H5N5/2020/R1_Europe,2.3.4.4b,1,3,15,"Anseriformes, Galliformes, Accipitriformes","Anseriformes wild, Galliformes, Avian other","Anseriformes wild - Europe, Galliformes - Europe, Avian other - Europe",Europe,Avian other,Europe,0.41595927838898206,0,0,minor
3_2_3_1_16_2_1_2,H5N8/2021/R9_Asia,2.3.4.4b,1,1,1,Anseriformes,Anseriformes domestic,Anseriformes domestic - Asia,Asia,Anseriformes domestic,Asia,0,0,0,minor
3_2_3_1_1_2_1_2,H5N8/2021/R2_Europe,2.3.4.4b,1,4,7,"Anseriformes, Mammal, Galliformes","Anseriformes wild, Mammal, Galliformes, Anseriformes domestic","Anseriformes wild - Europe, Mammal - Europe, Galliformes - Europe, Anseriformes domestic - Europe",Europe,Galliformes,Europe,0.4767123287670074,2,0.2857142857142857,major
3_2_3_1_3_10_1_9,H5N6/2021/R11_Asia,2.3.4.4b,1,1,1,Anseriformes,Anseriformes domestic,Anseriformes domestic - Asia,Asia,Anseriformes domestic,Asia,0,0,0,minor
3_2_3_1_3_22_1_2,H5N5/2020/R4_Europe,2.3.4.4b,1,1,1,Anseriformes,Anseriformes wild,Anseriformes wild - Europe,Europe,Anseriformes wild,Europe,0,0,0,minor
3_2_3_1_3_25_1_2,H5N3/2020/R1_Asia,2.3.4.4b,1,1,1,Anseriformes,Anseriformes wild,Anseriformes wild - Asia,Asia,Anseriformes wild,Asia,0,0,0,minor
3_2_3_1_3_2_1_12,H5N8/2022/R1_Asia,2.3.4.4b,1,1,1,environment,environment,environment - Asia,Asia,environment,Asia,0,0,0,minor
3_2_3_1_3_2_1_2,H5N8/2019/R7_Africa,2.3.4.4b,3,7,1110,"Anseriformes, Galliformes, Falconiformes, Charadriiformes, Accipitriformes, Gruiformes, unknown avian, Suliformes, Strigiformes, Pelecaniformes, Mammal, Passeriformes, Ciconiiformes, Rheiformes, Podicipediformes, Columbiformes, environment","Anseriformes domestic, Galliformes, Avian other, Anseriformes wild, Charadriiformes, Mammal, environment","Anseriformes domestic - Asia, Galliformes - Asia, Avian other - Europe, Anseriformes wild - Europe, Galliformes - Europe, Anseriformes wild - Asia, Anseriformes domestic - Europe, Galliformes - Africa, Anseriformes domestic - Africa, Charadriiformes - Europe, Avian other - Asia, Mammal - Europe, Charadriiformes - Asia, environment - Asia, Avian other - Africa",Africa,Galliformes,"Asia, Europe, Africa",3.0219178082190865,4,0.0036036036036036037,dominant
3_2_3_1_3_2_1_9,H5N8/2021/R11_Asia,2.3.4.4b,1,1,2,Galliformes,Galliformes,Galliformes - Asia,Asia,Galliformes,Asia,0.41917808219182007,0,0,minor
3_2_3_1_3_2_2_2,H5N8/2020/R11_Africa,2.3.4.4b,1,1,1,Galliformes,Galliformes,Galliformes - Africa,Africa,Galliformes,Africa,0,0,0,minor
3_2_3_1_3_2_4_2,H5N8/2019/R5_Africa,2.3.4.4b,1,1,1,Galliformes,Galliformes,Galliformes - Africa,Africa,Galliformes,Africa,0,0,0,minor
3_2_3_1_3_5_1_2,H5N5/2020/R2_Europe,2.3.4.4b,1,2,2,"Galliformes, Anseriformes","Galliformes, Anseriformes domestic","Galliformes - Europe, Anseriformes domestic - Europe",Europe,Galliformes,Europe,0,0,0,minor
3_2_3_1_3_7_1_2,H5N6/2021/R7_Asia,2.3.4.4b,1,2,4,"Anseriformes, Galliformes","Anseriformes domestic, Galliformes","Anseriformes domestic - Asia, Galliformes - Asia",Asia,Anseriformes domestic,Asia,0.389041095890434,0,0,minor
3_2_3_2_3_3_1_2,H5N8/2020/R3_Europe,2.3.4.4b,1,1,1,Anseriformes,Anseriformes domestic,Anseriformes domestic - Europe,Europe,Anseriformes domestic,Europe,0,0,0,minor
3_2_3_2_3_3_2_2,H5N8/2019/R2_Africa,2.3.4.4b,1,2,10,"Galliformes, Anseriformes","Galliformes, Anseriformes domestic","Galliformes - Africa, Anseriformes domestic - Africa",Africa,Galliformes,Africa,0.18904109589038853,0,0,minor
3_6_3_1_12_12_1_1,H5N2/2022/R4_Asia,2.3.4.4b,1,1,1,Anseriformes,Anseriformes domestic,Anseriformes domestic - Asia,Asia,Anseriformes domestic,Asia,0,0,0,minor
3_6_3_1_12_12_1_2,H5N2/2022/R5_Asia,2.3.4.4b,1,1,6,Anseriformes,Anseriformes domestic,Anseriformes domestic - Asia,Asia,Anseriformes domestic,Asia,0.07671232876714384,0,0,minor
3_8_3_1_11_7_1_8,H5N6/2021/R8_Asia,2.3.4.4b,1,2,4,"Anseriformes, Mammal","Anseriformes domestic, Mammal","Anseriformes domestic - Asia, Mammal - Asia",Asia,Anseriformes domestic,Asia,1.2794520547945467,1,0.25,major
3_9_6_1_5_23_1_2,H5N2/2020/R2_Europe,2.3.4.4b,1,1,1,Anseriformes,Anseriformes wild,Anseriformes wild - Europe,Europe,Anseriformes wild,Europe,0,0,0,minor
4_10_1_1_2_1_1_3,H5N1/2022/R37_NAmerica,2.3.4.4b,1,1,1,Anseriformes,Anseriformes wild,Anseriformes wild - North America,North America,Anseriformes wild,North America,0,0,0,minor
4_11_1_1_2_1_1_3,H5N1/2023/R4_NAmerica,2.3.4.4b,1,3,4,"Accipitriformes, Galliformes, Anseriformes","Avian other, Galliformes, Anseriformes domestic","Avian other - North America, Galliformes - North America, Anseriformes domestic - North America",North America,Avian other,North America,0.4383561643835492,0,0,minor
4_11_1_1_7_26_1_1,H5N4/2022/R1_NAmerica,2.3.4.4b,1,1,1,Galliformes,Galliformes,Galliformes - North America,North America,Galliformes,North America,0,0,0,minor
4_1_1_1_2_1_1_1,H5N1/2022/R6_NAmerica,2.3.4.4b,1,6,319,"Galliformes, Accipitriformes, Mammal, Anseriformes, Strigiformes, Passeriformes, Podicipediformes, unknown avian, Charadriiformes, Pelecaniformes, Falconiformes","Galliformes, Avian other, Mammal, Anseriformes domestic, Anseriformes wild, Charadriiformes","Galliformes - North America, Avian other - North America, Mammal - North America, Anseriformes domestic - North America, Anseriformes wild - North America, Charadriiformes - North America",North America,Avian other,North America,1.819178082191911,19,0.05956112852664577,major
4_1_1_1_2_1_1_3,H5N1/2022/R44_NAmerica,2.3.4.4b,1,1,1,unknown avian,Avian other,Avian other - North America,North America,Avian other,North America,0,0,0,minor
4_1_1_1_7_1_1_1,H5N1/2022/R35_NAmerica,2.3.4.4b,1,3,5,"Mammal, unknown avian, Accipitriformes, Strigiformes, Anseriformes","Mammal, Avian other, Anseriformes wild","Mammal - North America, Avian other - North America, Anseriformes wild - North America",North America,Avian other,North America,0.5342465753426495,1,0.2,major
4_3_1_1_2_1_1_1,H5N1/2022/R11_NAmerica,2.3.4.4b,1,3,6,"Mammal, Galliformes, Accipitriformes","Mammal, Galliformes, Avian other","Mammal - North America, Galliformes - North America, Avian other - North America",North America,Galliformes,North America,0.5917808219178369,4,0.6666666666666666,major
4_3_1_1_2_1_1_3,H5N1/2022/R7_NAmerica,2.3.4.4b,3,6,615,"Anseriformes, Pelecaniformes, Charadriiformes, Suliformes, Galliformes, Mammal, Strigiformes, Falconiformes, Accipitriformes, Passeriformes, unknown avian, Sphenisciformes","Anseriformes wild, Avian other, Charadriiformes, Galliformes, Anseriformes domestic, Mammal","Anseriformes wild - North America, Avian other - South America, Charadriiformes - South America, Galliformes - North America, Anseriformes domestic - North America, Mammal - North America, Anseriformes wild - Asia, Avian other - North America, Charadriiformes - North America, Mammal - South America, Galliformes - South America, Anseriformes domestic - South America, Anseriformes wild - South America",North America,Avian other,"North America, South America, Asia",1.6904109589040672,52,0.08455284552845528,dominant
4_3_1_1_7_1_1_3,H5N1/2022/R33_NAmerica,2.3.4.4b,1,1,1,Passeriformes,Avian other,Avian other - North America,North America,Avian other,North America,0,0,0,minor
4_3_8_1_2_1_1_1,H5N1/2023/R23_NAmerica,2.3.4.4b,1,1,1,Strigiformes,Avian other,Avian other - North America,North America,Avian other,North America,0,0,0,minor
4_4_14_1_1_1_1_11,H5N1/2023/R30_NAmerica,2.3.4.4b,1,2,7,"Galliformes, Anseriformes","Galliformes, Anseriformes wild","Galliformes - North America, Anseriformes wild - North America",North America,Galliformes,North America,0.15061756119462189,0,0,minor
4_4_1_1_2_1_1_1,H5N1/2022/R34_NAmerica,2.3.4.4b,1,1,1,Anseriformes,Anseriformes wild,Anseriformes wild - North America,North America,Anseriformes wild,North America,0,0,0,minor
4_5_1_1_2_1_1_3,H5N1/2023/R29_NAmerica,2.3.4.4b,1,4,26,"Galliformes, Anseriformes, Mammal, Passeriformes, Falconiformes","Galliformes, Anseriformes wild, Mammal, Avian other","Galliformes - North America, Anseriformes wild - North America, Mammal - North America, Avian other - North America",North America,Galliformes,North America,0.39112957556699257,13,0.5,major
4_5_1_1_7_1_1_3,H5N1/2023/R26_NAmerica,2.3.4.4b,1,4,27,"Galliformes, Anseriformes, Falconiformes","Galliformes, Anseriformes wild, Anseriformes domestic, Avian other","Galliformes - North America, Anseriformes wild - North America, Anseriformes domestic - North America, Avian other - North America",North America,Anseriformes domestic,North America,0.22465753424648938,0,0,minor
5_1_1_1_1_1_1_1,H5N1/2022/R45_NAmerica,2.3.4.4b,1,1,1,Anseriformes,Anseriformes wild,Anseriformes wild - North America,North America,Anseriformes wild,North America,0,0,0,minor
5_1_1_1_2_1_1_1,H5N1/2022/R2_NAmerica,2.3.4.4b,1,6,761,"Mammal, Anseriformes, Accipitriformes, Galliformes, Strigiformes, Falconiformes, Pelecaniformes, Gruiformes, unknown avian, Passeriformes, Charadriiformes","Mammal, Anseriformes wild, Avian other, Galliformes, Anseriformes domestic, Charadriiformes","Mammal - North America, Anseriformes wild - North America, Avian other - North America, Galliformes - North America, Anseriformes domestic - North America, Charadriiformes - North America",North America,Anseriformes wild,North America,1.5205479452056352,13,0.017082785808147174,major
5_1_1_1_2_1_1_3,H5N1/2022/R19_NAmerica,2.3.4.4b,2,4,49,"Galliformes, Pelecaniformes, Anseriformes, Rheiformes, Accipitriformes, unknown avian, Strigiformes","Galliformes, Avian other, Anseriformes domestic, Anseriformes wild","Galliformes - North America, Avian other - South America, Anseriformes domestic - North America, Avian other - North America, Anseriformes wild - North America",North America,Anseriformes wild,"North America, South America",1.041095890411043,0,0,dominant
5_3_1_1_2_1_1_1,H5N1/2022/R28_NAmerica,2.3.4.4b,1,2,3,"Galliformes, Accipitriformes, Passeriformes","Galliformes, Avian other","Galliformes - North America, Avian other - North America",North America,Galliformes,North America,0.06575342465771428,0,0,minor
5_3_1_1_2_1_1_3,H5N1/2022/R38_NAmerica,2.3.4.4b,1,1,1,Anseriformes,Anseriformes wild,Anseriformes wild - North America,North America,Anseriformes wild,North America,0,0,0,minor
5_4_9_1_2_1_1_1,H5N1/2022/R29_NAmerica,2.3.4.4b,2,5,74,"Anseriformes, Galliformes, Mammal, Accipitriformes, Pelecaniformes, Falconiformes","Anseriformes domestic, Galliformes, Mammal, Anseriformes wild, Avian other","Anseriformes domestic - North America, Galliformes - North America, Mammal - North America, Anseriformes wild - North America, Galliformes - South America, Anseriformes domestic - South America, Avian other - North America",North America,Anseriformes wild,"North America, South America",0.6904109589042946,2,0.02702702702702703,major
5_4_9_1_2_29_1_1,H5N6/2023/R1_NAmerica,2.3.4.4b,1,1,1,Accipitriformes,Avian other,Avian other - North America,North America,Avian other,North America,0,0,0,minor
5_5_1_1_2_1_1_3,H5N1/2023/R31_NAmerica,2.3.4.4b,1,2,6,"Galliformes, Anseriformes","Galliformes, Anseriformes wild","Galliformes - North America, Anseriformes wild - North America",North America,Anseriformes wild,North America,0.15066996032624047,0,0,minor
5_5_9_1_2_1_1_1,H5N1/2023/R1_NAmerica,2.3.4.4b,1,2,8,"Accipitriformes, Galliformes","Avian other, Galliformes","Avian other - North America, Galliformes - North America",North America,Avian other,North America,0.7972602739728245,0,0,major
6_1_1_1_2_1_1_1,H5N1/2022/R16_NAmerica,2.3.4.4b,1,3,11,"Mammal, Accipitriformes, Charadriiformes","Mammal, Avian other, Charadriiformes","Mammal - North America, Avian other - North America, Charadriiformes - North America",North America,Charadriiformes,North America,0.20547945205498763,6,0.5454545454545454,major
6_1_8_1_2_1_1_1,H5N1/2022/R46_NAmerica,2.3.4.4b,1,1,1,Anseriformes,Anseriformes wild,Anseriformes wild - North America,North America,Anseriformes wild,North America,0,0,0,minor
6_4_1_1_2_1_1_1,H5N1/2022/R10_NAmerica,2.3.4.4b,1,6,259,"Accipitriformes, Mammal, Galliformes, Anseriformes, Suliformes, Strigiformes, unknown avian, Charadriiformes, Gaviiformes, Pelecaniformes","Avian other, Mammal, Galliformes, Anseriformes domestic, Anseriformes wild, Charadriiformes","Avian other - North America, Mammal - North America, Galliformes - North America, Anseriformes domestic - North America, Anseriformes wild - North America, Charadriiformes - North America",North America,Avian other,North America,1.1945205479453307,11,0.04247104247104247,major
6_4_20_1_2_1_1_1,H5N1/2022/R15_NAmerica,2.3.4.4b,1,1,2,Accipitriformes,Avian other,Avian other - North America,North America,Avian other,North America,0.013698630137014334,0,0,minor
6_4_8_1_2_1_1_1,H5N1/2022/R5_NAmerica,2.3.4.4b,1,6,185,"Galliformes, Mammal, Anseriformes, Accipitriformes, Rheiformes, Charadriiformes, Strigiformes, unknown avian, Pelecaniformes","Galliformes, Mammal, Anseriformes wild, Anseriformes domestic, Avian other, Charadriiformes","Galliformes - North America, Mammal - North America, Anseriformes wild - North America, Anseriformes domestic - North America, Avian other - North America, Charadriiformes - North America",North America,Anseriformes wild,North America,1.0273972602740287,33,0.1783783783783784,major
7_1_13_2_1_3_1_2,H5N8/2020/R17_Asia,2.3.4.4b,1,1,6,environment,environment,environment - Asia,Asia,environment,Asia,0.038251366120221064,0,0,minor
7_1_21_2_1_3_1_2,H5N8/2020/R12_Asia,2.3.4.4b,1,1,2,environment,environment,environment - Asia,Asia,environment,Asia,0,0,0,minor
7_1_5_2_1_3_1_1,H5N8/2021/R3_Asia,2.3.4.4b,1,1,1,Anseriformes,Anseriformes wild,Anseriformes wild - Asia,Asia,Anseriformes wild,Asia,0,0,0,minor
7_1_5_2_1_3_1_2,H5N8/2019/R3_Europe,2.3.4.4b,2,5,183,"Galliformes, Accipitriformes, Anseriformes, environment","Galliformes, Avian other, Anseriformes domestic, Anseriformes wild, environment","Galliformes - Europe, Avian other - Europe, Anseriformes domestic - Europe, Anseriformes wild - Asia, environment - Asia, Galliformes - Asia, Anseriformes wild - Europe, Anseriformes domestic - Asia",Europe,Galliformes,"Europe, Asia",0.9754248072458722,0,0,major
7_1_5_2_3_3_1_2,H5N8/2020/R4_Asia,2.3.4.4b,1,5,55,"Galliformes, Strigiformes, Falconiformes, Anseriformes, Accipitriformes, environment, unknown avian, Gruiformes","Galliformes, Avian other, Anseriformes wild, Anseriformes domestic, environment","Galliformes - Asia, Avian other - Asia, Anseriformes wild - Asia, Anseriformes domestic - Asia, environment - Asia",Asia,environment,Asia,0.23542929860036566,0,0,minor
7_1_5_3_1_3_1_2,H5N8/2021/R4_Asia,2.3.4.4b,1,1,1,Falconiformes,Avian other,Avian other - Asia,Asia,Avian other,Asia,0,0,0,minor
7_2_5_2_13_3_1_2,H5N8/2019/R4_Africa,2.3.4.4b,1,1,1,Galliformes,Galliformes,Galliformes - Africa,Africa,Galliformes,Africa,0,0,0,minor
7_2_5_2_5_3_1_2,H5N8/2020/R10_Africa,2.3.4.4b,1,1,1,Galliformes,Galliformes,Galliformes - Africa,Africa,Galliformes,Africa,0,0,0,minor
7_2_5_2_9_3_1_2,H5N8/2019/R1_Africa,2.3.4.4b,1,2,6,"Anseriformes, Galliformes","Anseriformes domestic, Galliformes","Anseriformes domestic - Africa, Galliformes - Africa",Africa,Galliformes,Africa,0.10136986301358775,0,0,minor
7_6_13_2_1_3_1_2,H5N8/2020/R13_Asia,2.3.4.4b,1,1,2,environment,environment,environment - Asia,Asia,environment,Asia,0,0,0,minor
7_6_13_2_3_3_1_2,H5N8/2020/R14_Asia,2.3.4.4b,1,1,2,environment,environment,environment - Asia,Asia,environment,Asia,0,0,0,minor
7_6_5_2_1_3_1_2,H5N8/2020/R15_Asia,2.3.4.4b,1,1,4,environment,environment,environment - Asia,Asia,environment,Asia,0.07650273224044213,0,0,minor
7_9_5_2_1_3_1_2,H5N8/2020/R16_Asia,2.3.4.4b,1,1,4,environment,environment,environment - Asia,Asia,environment,Asia,0.019125683060110532,0,0,minor
8_10_1_1_2_1_1_3,H5N1/2023/R28_NAmerica,2.3.4.4b,1,2,3,"Galliformes, Anseriformes","Galliformes, Anseriformes wild","Galliformes - North America, Anseriformes wild - North America",North America,Galliformes,North America,0.1068493150685299,0,0,minor
8_5_1_1_1_1_1_3,H5N1/2023/R24_NAmerica,2.3.4.4b,1,1,1,Passeriformes,Avian other,Avian other - North America,North America,Avian other,North America,0,0,0,minor
8_5_1_1_2_1_1_3,H5N1/2023/R6_NAmerica,2.3.4.4b,1,6,218,"Galliformes, Falconiformes, Anseriformes, Accipitriformes, unknown avian, Passeriformes, Charadriiformes, Strigiformes, Mammal, Pelecaniformes","Galliformes, Avian other, Anseriformes domestic, Anseriformes wild, Charadriiformes, Mammal","Galliformes - North America, Avian other - North America, Anseriformes domestic - North America, Anseriformes wild - North America, Charadriiformes - North America, Mammal - North America",North America,Avian other,North America,1.01045736956371,4,0.01834862385321101,major
8_5_1_1_7_1_1_3,H5N1/2023/R25_NAmerica,2.3.4.4b,1,3,20,"Anseriformes, Accipitriformes, Strigiformes, Falconiformes, Galliformes","Anseriformes wild, Avian other, Galliformes","Anseriformes wild - North America, Avian other - North America, Galliformes - North America",North America,Avian other,North America,0.1068493150685299,0,0,minor
9_1_1_1_1_1_1_1,H5N1/2023/R34_Asia,2.3.4.4b,1,1,1,Anseriformes,Anseriformes domestic,Anseriformes domestic - Asia,Asia,Anseriformes domestic,Asia,0,0,0,minor
9_1_1_1_5_1_1_5,H5N1/2022/R68_Asia,2.3.4.4b,1,1,1,Gruiformes,Avian other,Avian other - Asia,Asia,Avian other,Asia,0,0,0,minor
9_1_6_1_5_1_1_1,H5N1/2023/R33_Asia,2.3.4.4b,1,1,1,unknown avian,Avian other,Avian other - Asia,Asia,Avian other,Asia,0,0,0,minor
9_1_7_1_5_1_1_1,H5N1/2022/R58_Asia,2.3.4.4b,1,2,3,"Anseriformes, Galliformes","Anseriformes wild, Galliformes","Anseriformes wild - Asia, Galliformes - Asia",Asia,Anseriformes wild,Asia,0.0684931506848443,0,0,minor
9_1_7_1_5_1_1_5,H5N1/2022/R60_Asia,2.3.4.4b,1,3,166,"environment, Gruiformes, Accipitriformes, Galliformes","environment, Avian other, Galliformes","environment - Asia, Avian other - Asia, Galliformes - Asia",Asia,environment,Asia,0.25205479452051804,0,0,minor
9_9_13_1_5_1_1_5,H5N1/2022/R56_Asia,2.3.4.4b,1,1,1,Gruiformes,Avian other,Avian other - Asia,Asia,Avian other,Asia,0,0,0,minor
