"cluster_profile","cluster_label","clade","Num_Sequence","Range_of_Host","Range_of_HostType","Host_Range_Per_Continent","Continent_of_Earliest_Date","Host_of_Earliest_Sample_Date","Range_of_Continent","Range_of_subContinent","Length_Between_First_Last_Sample","number_Conti","number_hostType","group","col","col2","group2","max_distance_km","min_distance_km","avg_distance_km","check","host_richness","if_mammal","Kcluster"
"4_3_1_1_2_1_1_3","H5N1/2022/R7_NAmerica","2.3.4.4b",616,"Galliformes, Anseriformes, Mammal, Strigiformes, Charadriiformes, Falconiformes, Pelecaniformes, Accipitriformes, Passeriformes, Suliformes, unknown avian, Sphenisciformes","Galliformes, Anseriformes domestic, Mammal, Anseriformes wild, Avian other, Charadriiformes","Galliformes - North America, Anseriformes domestic - North America, Mammal - North America, Anseriformes wild - North America, Anseriformes wild - Asia, Avian other - North America, Charadriiformes - North America, Avian other - South America, Charadriiformes - South America, Mammal - South America, Galliformes - South America, Anseriformes domestic - South America, Anseriformes wild - South America, Charadriiformes - Antarctica","North America","Avian other","North America, Asia, South America, Antarctica","NorthernAmerica, EasternAsia, CentralAmerica, SouthernAmerica, Antarctica",1.69,4,6,"dominant","#469FB5","#a4cc99","dominant",19509.8503,26.13572823,4932.822048,"",12,1,"high"
"2_1_1_1_1_1_1_1","H5N1/2020/R1_Europe","2.3.4.4b",1958,"Anseriformes, Galliformes, Accipitriformes, Charadriiformes, Passeriformes, Falconiformes, Strigiformes, Mammal, Pelecaniformes, Ciconiiformes, Casuariiformes, Suliformes, Struthioniformes, Gruiformes, Psittaciformes, Procellariiformes, Sphenisciformes, unknown avian, environment, Apodiformes, Caprimulgidae","Anseriformes wild, Galliformes, Avian other, Charadriiformes, Anseriformes domestic, Mammal, environment","Anseriformes wild - Europe, Galliformes - Europe, Avian other - Europe, Charadriiformes - Europe, Anseriformes domestic - Europe, Mammal - Europe, Galliformes - Africa, Avian other - Africa, Anseriformes wild - North America, Avian other - Asia, Anseriformes wild - Asia, Galliformes - North America, Anseriformes domestic - North America, Avian other - North America, Mammal - Asia, Mammal - North America, Charadriiformes - Africa, Anseriformes domestic - Africa, Charadriiformes - North America, Anseriformes wild - Africa, Galliformes - Asia, Charadriiformes - Asia, environment - Asia, Anseriformes domestic - Asia","Europe","Anseriformes wild","Europe, Africa, North America, Asia","WesternEurope, SouthernEurope, NorthernEurope, EasternEurope, WesternAfrica, SouthernAfrica, NorthernAmerica, EasternAsia, NorthernAfrica, WesternAsia",3.448,4,7,"dominant","#3A9AB2","#cc6966","dominant",17113.79522,30.09713804,5733.19611,"",21,1,"high"
"3_2_3_1_3_2_1_2","H5N8/2019/R7_Africa","2.3.4.4b",1110,"Anseriformes, Galliformes, Falconiformes, Charadriiformes, Accipitriformes, Gruiformes, unknown avian, Suliformes, Strigiformes, Pelecaniformes, Mammal, Passeriformes, Ciconiiformes, Rheiformes, Podicipediformes, Columbiformes, environment","Anseriformes wild, Galliformes, Anseriformes domestic, Avian other, Charadriiformes, Mammal, environment","Anseriformes wild - Europe, Galliformes - Europe, Anseriformes wild - Asia, Anseriformes domestic - Asia, Galliformes - Asia, Anseriformes domestic - Europe, Avian other - Europe, Galliformes - Africa, Anseriformes domestic - Africa, Charadriiformes - Europe, Avian other - Asia, Mammal - Europe, Charadriiformes - Asia, environment - Asia, Avian other - Africa","Africa","Galliformes","Europe, Asia, Africa","WesternEurope, CentralAsia, WesternAsia, EasternAsia, EasternEurope, NorthernEurope, SouthernEurope, NorthernAfrica, WesternAfrica",3.022,3,7,"dominant","#3F9CB3","#ccbe99","dominant",13618.99507,3.660627206,4337.256694,"",17,1,"high"
"1_1_1_1_1_1_1_1","H5N1/2021/R3_Europe","2.3.4.4b",132,"Anseriformes, Galliformes, Charadriiformes, Ciconiiformes, Mammal, Falconiformes, environment, Pelecaniformes, unknown avian, Accipitriformes, Podicipediformes, Suliformes","Anseriformes wild, Anseriformes domestic, Galliformes, Charadriiformes, Avian other, Mammal, environment","Anseriformes wild - Europe, Anseriformes domestic - Asia, Anseriformes wild - Asia, Galliformes - Africa, Charadriiformes - Europe, Avian other - Europe, Avian other - Africa, Galliformes - Europe, Mammal - Asia, Avian other - Asia, Galliformes - Asia, environment - Asia, Anseriformes domestic - Europe, Anseriformes wild - North America, Charadriiformes - Asia","Africa","Galliformes","Europe, Asia, Africa, North America","WesternEurope, SouthernAsia, EasternAsia, SouthernAfrica, NorthernEurope, EasternEurope, NorthernAmerica",2.627,4,7,"dominant","#58A7BA","#7a66cc","dominant",13610.67527,53.22348942,5433.71109,"",12,1,"high"
"2_6_1_1_6_1_1_1","H5N1/2021/R4_Asia","2.3.4.4b",60,"Galliformes, Anseriformes, Falconiformes, environment","Galliformes, Anseriformes wild, Anseriformes domestic, Avian other, environment","Galliformes - Asia, Anseriformes wild - Asia, Anseriformes domestic - Asia, Avian other - Asia, environment - Asia, Anseriformes wild - Europe, Anseriformes wild - North America","Asia","Anseriformes wild","Asia, Europe, North America","EasternAsia, SouthEasternAsia, EasternEurope, NorthernAmerica",1.148,3,5,"dominant","#6AAFBF","#ccae99","dominant",10590.8618,36.91447884,1839.102042,"",4,0,"middle"
"2_1_2_1_1_1_1_1","H5N1/2021/R8_Europe","2.3.4.4b",17,"Anseriformes, Accipitriformes, Pelecaniformes, Galliformes, Phoenicopteriformes, Charadriiformes, Suliformes","Anseriformes wild, Avian other, Galliformes, Charadriiformes","Anseriformes wild - Europe, Avian other - Europe, Galliformes - Asia, Charadriiformes - Europe, Galliformes - Europe","Europe","Anseriformes wild","Europe, Asia","WesternEurope, NorthernEurope, SouthernEurope, EasternAsia, EasternEurope",2.418,2,4,"dominant","#84B7BA","#cc99ac","dominant",9639.495706,76.79509699,2557.737577,"",7,0,"middle"
"2_1_6_1_1_4_1_1","H5N5/2021/R5_Europe","2.3.4.4b",54,"Charadriiformes, Pelecaniformes, Anseriformes, Accipitriformes, Suliformes, Passeriformes, Procellariiformes","Charadriiformes, Avian other, Anseriformes wild","Charadriiformes - Europe, Avian other - Europe, Anseriformes wild - Europe, Avian other - Asia","Europe","Anseriformes wild","Europe, Asia","EasternEurope, NorthernEurope, EasternAsia, WesternEurope",3.213,2,3,"dominant","#6FB2C0","#bbcc33","dominant",9578.558927,255.1179657,4947.217328,"",7,0,"middle"
"7_1_5_2_1_3_1_2","H5N8/2019/R3_Europe","2.3.4.4b",183,"Galliformes, Accipitriformes, Anseriformes, environment","Galliformes, Avian other, Anseriformes domestic, Anseriformes wild, environment","Galliformes - Europe, Avian other - Europe, Anseriformes domestic - Europe, Anseriformes wild - Asia, environment - Asia, Galliformes - Asia, Anseriformes wild - Europe, Anseriformes domestic - Asia","Europe","Galliformes","Europe, Asia","EasternEurope, WesternEurope, EasternAsia",0.975,2,5,"major","#53A5B9","#337fcc","dominant",9441.694355,65.65999338,5009.887477,"T- aprox 1 year",4,0,"middle"
"1_1_4_1_4_1_1_4","H5N1/2022/R12_Europe","2.3.4.4b",884,"Charadriiformes, Galliformes, Mammal, Falconiformes, Accipitriformes, Passeriformes, Anseriformes, Ciconiiformes, Strigiformes, Columbiformes, Podicipediformes, unknown avian, Suliformes, Pelecaniformes","Charadriiformes, Galliformes, Mammal, Avian other, Anseriformes wild, Anseriformes domestic","Charadriiformes - Europe, Galliformes - Europe, Mammal - Europe, Avian other - Europe, Anseriformes wild - Europe, Anseriformes domestic - Europe, Avian other - Africa","Europe","Charadriiformes","Europe, Africa","WesternEurope, NorthernEurope, SouthernEurope, EasternEurope, WesternAfrica",1.507,2,6,"dominant","#419DB4","#c4cc66","dominant",6679.80882,24.21758115,1233.132508,"",14,1,"high"
"5_1_1_1_2_1_1_3","H5N1/2022/R19_NAmerica","2.3.4.4b",49,"Galliformes, Pelecaniformes, Anseriformes, Rheiformes, Accipitriformes, unknown avian, Strigiformes","Galliformes, Avian other, Anseriformes domestic, Anseriformes wild","Galliformes - North America, Avian other - South America, Anseriformes domestic - North America, Avian other - North America, Anseriformes wild - North America","North America","Anseriformes wild","North America, South America","NorthernAmerica, SouthernAmerica",1.041,2,4,"dominant","#72B2BF","#7acc66","dominant",6180.673156,332.8833385,1781.561223,"",7,0,"middle"
"5_4_9_1_2_1_1_1","H5N1/2022/R29_NAmerica","2.3.4.4b",74,"Anseriformes, Galliformes, Mammal, Accipitriformes, Pelecaniformes, Falconiformes","Anseriformes domestic, Galliformes, Mammal, Anseriformes wild, Avian other","Anseriformes domestic - North America, Galliformes - North America, Mammal - North America, Anseriformes wild - North America, Galliformes - South America, Anseriformes domestic - South America, Avian other - North America","North America","Anseriformes wild","North America, South America","NorthernAmerica, SouthernAmerica",0.691,2,5,"major","#67AEBE","#cc3d33","dominant",5736.997455,97.83317394,1421.006287,"",6,1,"middle"
"4_1_1_1_2_1_1_1","H5N1/2022/R6_NAmerica","2.3.4.4b",320,"Galliformes, Accipitriformes, Mammal, Anseriformes, Strigiformes, Passeriformes, Podicipediformes, unknown avian, Charadriiformes, Pelecaniformes, Falconiformes","Galliformes, Avian other, Mammal, Anseriformes domestic, Anseriformes wild, Charadriiformes","Galliformes - North America, Avian other - North America, Mammal - North America, Anseriformes domestic - North America, Anseriformes wild - North America, Charadriiformes - North America","North America","Avian other","North America","NorthernAmerica",1.819,1,6,"major","#49A0B6","#66cc71","major",5697.750558,335.1712929,1475.61545,"",11,1,"middle"
"1_1_2_1_1_1_1_1","H5N1/2021/R1_Europe","2.3.4.4b",1394,"Galliformes, Anseriformes, Charadriiformes, Pelecaniformes, Passeriformes, Mammal, Falconiformes, Ciconiiformes, Accipitriformes, Suliformes, Gruiformes, unknown avian, Rheiformes, Strigiformes, Podicipediformes, environment, Phoenicopteriformes, Procellariiformes","Galliformes, Anseriformes wild, Charadriiformes, Avian other, Anseriformes domestic, Mammal, environment","Galliformes - Europe, Anseriformes wild - Europe, Charadriiformes - Europe, Avian other - Europe, Anseriformes domestic - Europe, Mammal - Europe, Anseriformes domestic - Africa, environment - Europe, environment - Africa, Anseriformes wild - Africa, Anseriformes wild - Asia","Europe","Galliformes","Europe, Africa, Asia","WesternEurope, NorthernEurope, SouthernEurope, EasternEurope, NorthernAfrica, CentralAsia",2.411,3,7,"dominant","#3C9BB2","#cc6d33","dominant",5454.45853,9.303775427,1018.921929,"",18,1,"high"
"11_7_6_1_5_1_1_6","H5N1/2022/R32_Asia","2.3.4.4b",113,"Anseriformes, Galliformes, Passeriformes, Suliformes, Charadriiformes, Gruiformes, Strigiformes, environment, Accipitriformes, Pelecaniformes, Falconiformes, Mammal","Anseriformes wild, Galliformes, Avian other, Charadriiformes, environment, Mammal, Anseriformes domestic","Anseriformes wild - Asia, Galliformes - Asia, Avian other - Asia, Charadriiformes - Asia, environment - Asia, Mammal - Asia, Anseriformes domestic - Asia","Asia","Galliformes","Asia","EasternAsia, SouthEasternAsia, SouthernAsia",1.173,1,7,"major","#5DAABC","#c699cc","major",5210.40766,31.5377698,2517.972258,"",12,1,"middle"
"1_6_2_1_1_1_1_1","H5N1/2023/R16_Europe","2.3.4.4b",43,"Galliformes, Anseriformes, Charadriiformes, Suliformes, Falconiformes, Accipitriformes, Strigiformes","Galliformes, Anseriformes wild, Charadriiformes, Avian other, Anseriformes domestic","Galliformes - Europe, Anseriformes wild - Europe, Charadriiformes - Europe, Avian other - Europe, Anseriformes domestic - Europe, Anseriformes wild - Asia","Europe","Avian other","Europe, Asia","WesternEurope, NorthernEurope, CentralAsia, EasternEurope",0.91,2,5,"major","#74B3BF","#33cc49","dominant",4722.776277,50.837475,942.9454466,"",7,0,"middle"
"8_5_1_1_2_1_1_3","H5N1/2023/R6_NAmerica","2.3.4.4b",219,"Galliformes, Falconiformes, Anseriformes, Accipitriformes, unknown avian, Passeriformes, Charadriiformes, Strigiformes, Mammal, Pelecaniformes","Galliformes, Avian other, Anseriformes domestic, Anseriformes wild, Charadriiformes, Mammal","Galliformes - North America, Avian other - North America, Anseriformes domestic - North America, Anseriformes wild - North America, Charadriiformes - North America, Mammal - North America","North America","Avian other","North America","NorthernAmerica, CentralAmerica",1.01,1,6,"major","#4EA3B7","#99ccc2","major",4579.063528,320.6003512,1469.623863,"",10,1,"middle"
"5_1_1_1_2_1_1_1","H5N1/2022/R2_NAmerica","2.3.4.4b",762,"Galliformes, Anseriformes, Accipitriformes, Mammal, Strigiformes, Falconiformes, Pelecaniformes, Gruiformes, unknown avian, Passeriformes, Charadriiformes","Galliformes, Anseriformes wild, Anseriformes domestic, Avian other, Mammal, Charadriiformes","Galliformes - North America, Anseriformes wild - North America, Anseriformes domestic - North America, Avian other - North America, Mammal - North America, Charadriiformes - North America","North America","Anseriformes wild","North America","NorthernAmerica",1.52,1,6,"major","#449EB4","#8bcc33","major",3712.126816,320.6003512,873.5634184,"",11,1,"middle"
"3_2_2_1_3_2_1_2","H5N8/2020/R1_Europe","2.3.4.4b",6,"Anseriformes, Galliformes, Accipitriformes","Anseriformes domestic, Galliformes, Anseriformes wild, Avian other","Anseriformes domestic - Europe, Galliformes - Europe, Anseriformes wild - Europe, Avian other - Europe","Europe","Anseriformes domestic","Europe","EasternEurope, NorthernEurope",0.538,1,4,"major","#A6C2A0","#66b1cc","major",3601.656438,476.3945078,3077.596184,"T Russia- Asia part",3,0,"low"
"10_1_2_1_1_1_1_1","H5N1/2023/R21_Europe","2.3.4.4b",28,"Galliformes, Anseriformes, Falconiformes, Mammal, Accipitriformes","Galliformes, Anseriformes wild, Avian other, Mammal","Galliformes - Europe, Anseriformes wild - Europe, Avian other - Europe, Mammal - Europe","Europe","Anseriformes wild","Europe","WesternEurope, NorthernEurope, SouthernEurope, EasternEurope",0.276,1,4,"major","#7CB5BC","#6671cc","minor",3490.557169,116.0627129,908.089988,"",5,1,"middle"
"6_4_1_1_2_1_1_1","H5N1/2022/R10_NAmerica","2.3.4.4b",264,"Mammal, Accipitriformes, Galliformes, Anseriformes, Suliformes, Strigiformes, unknown avian, Charadriiformes, Gaviiformes, Pelecaniformes","Mammal, Avian other, Galliformes, Anseriformes domestic, Anseriformes wild, Charadriiformes","Mammal - North America, Avian other - North America, Galliformes - North America, Anseriformes domestic - North America, Anseriformes wild - North America, Charadriiformes - North America","North America","Avian other","North America","NorthernAmerica",1.194,1,6,"major","#4BA2B7","#33cc79","major",3318.674132,220.4397413,1139.724701,"",10,1,"middle"
"4_5_1_1_7_1_1_3","H5N1/2023/R26_NAmerica","2.3.4.4b",28,"Galliformes, Anseriformes, Mammal, Falconiformes","Galliformes, Anseriformes wild, Anseriformes domestic, Mammal, Avian other","Galliformes - North America, Anseriformes wild - North America, Anseriformes domestic - North America, Mammal - North America, Avian other - North America","North America","Anseriformes domestic","North America","NorthernAmerica",0.225,1,5,"major","#7EB5BC","#5633cc","minor",3167.685138,273.5403651,1236.262946,"",4,1,"middle"
"6_4_8_1_2_1_1_1","H5N1/2022/R5_NAmerica","2.3.4.4b",185,"Galliformes, Mammal, Anseriformes, Accipitriformes, Rheiformes, Charadriiformes, Strigiformes, unknown avian, Pelecaniformes","Galliformes, Mammal, Anseriformes wild, Anseriformes domestic, Avian other, Charadriiformes","Galliformes - North America, Mammal - North America, Anseriformes wild - North America, Anseriformes domestic - North America, Avian other - North America, Charadriiformes - North America","North America","Anseriformes wild","North America","NorthernAmerica",1.027,1,6,"major","#50A4B8","#66bccc","major",2906.349468,212.9868425,1048.234475,"",9,1,"middle"
"15_3_1_1_2_1_1_3","H5N1/2023/R5_NAmerica","2.3.4.4b",32,"Accipitriformes, Passeriformes, Anseriformes, Falconiformes, Strigiformes","Avian other, Anseriformes wild","Avian other - North America, Anseriformes wild - North America","North America","Avian other","North America","NorthernAmerica",0.276,1,2,"major","#7AB4BD","#99b0cc","minor",2906.349468,294.73748,1045.442678,"",5,0,"low"
"6_1_1_1_2_1_1_1","H5N1/2022/R16_NAmerica","2.3.4.4b",11,"Mammal, Accipitriformes, Charadriiformes","Mammal, Avian other, Charadriiformes","Mammal - North America, Avian other - North America, Charadriiformes - North America","North America","Charadriiformes","North America","NorthernAmerica",0.205,1,3,"major","#95BBB1","#99c0cc","minor",2593.897468,397.4012837,1650.755403,"",3,1,"middle"
"4_5_1_1_2_1_1_3","H5N1/2023/R29_NAmerica","2.3.4.4b",35,"Galliformes, Anseriformes, Mammal, Passeriformes, Falconiformes","Galliformes, Anseriformes wild, Mammal, Avian other","Galliformes - North America, Anseriformes wild - North America, Mammal - North America, Avian other - North America","North America","Galliformes","North America","NorthernAmerica",0.391,1,4,"major","#77B3BE","#66ccbc","minor",2593.523942,273.5403651,1322.922206,"",5,1,"middle"
"10_6_2_1_1_1_1_1","H5N1/2023/R17_Europe","2.3.4.4b",117,"Anseriformes, Ciconiiformes, Galliformes, Gruiformes","Anseriformes wild, Avian other, Galliformes, Anseriformes domestic","Anseriformes wild - Europe, Avian other - Europe, Galliformes - Europe, Anseriformes domestic - Europe","Europe","Galliformes","Europe","WesternEurope, SouthernEurope, EasternEurope",0.937,1,4,"major","#5BA9BB","#8633cc","major",2355.878461,55.52057638,386.0366226,"",4,0,"low"
"2_1_1_1_2_1_1_1","H5N1/2022/R4_NAmerica","2.3.4.4b",34,"Galliformes, Anseriformes, Accipitriformes, Falconiformes, Pelecaniformes, unknown avian, Strigiformes","Galliformes, Anseriformes domestic, Anseriformes wild, Avian other","Galliformes - North America, Anseriformes domestic - North America, Anseriformes wild - North America, Avian other - North America","North America","Anseriformes wild","North America","NorthernAmerica",0.183,1,4,"major","#79B4BD","#33aecc","minor",2188.351672,335.1712929,1060.678972,"",7,0,"low"
"14_1_1_1_1_1_1_1","H5N1/2021/R2_Europe","2.3.4.4b",10,"Accipitriformes, Galliformes, Anseriformes, Strigiformes, Mammal","Avian other, Galliformes, Anseriformes wild, Mammal","Avian other - Europe, Galliformes - Europe, Anseriformes wild - Europe, Mammal - Europe","Europe","Galliformes","Europe","WesternEurope, NorthernEurope",0.337,1,4,"major","#96BCB1","#6691cc","minor",2162.76783,76.85811299,1374.846976,"",5,1,"middle"
"14_6_1_1_1_1_1_5","H5N1/2021/R7_Europe","2.3.4.4b",37,"Galliformes, Anseriformes, Pelecaniformes, Accipitriformes","Galliformes, Anseriformes domestic, Avian other, Anseriformes wild","Galliformes - Europe, Anseriformes domestic - Europe, Avian other - Europe, Anseriformes wild - Europe","Europe","Galliformes","Europe","SouthernEurope, WesternEurope, EasternEurope, NorthernEurope",2.17,1,4,"major","#75B3BE","#99ccb2","major",2060.185534,67.8781356,829.040071,"",4,0,"middle"
"12_1_5_2_3_3_1_2","H5N8/2020/R2_Asia","2.3.4.4b",111,"Galliformes, Accipitriformes, Anseriformes, unknown avian","Galliformes, Avian other, Anseriformes domestic, Anseriformes wild","Galliformes - Asia, Avian other - Asia, Anseriformes domestic - Asia, Anseriformes wild - Asia","Asia","Avian other","Asia","EasternAsia",0.302,1,4,"major","#60ABBC","#cc66b3","minor",1935.95887,56.321082,476.6440406,"",4,0,"low"
"4_4_14_1_1_1_1_11","H5N1/2023/R30_NAmerica","2.3.4.4b",7,"Galliformes, Anseriformes","Galliformes, Anseriformes wild","Galliformes - North America, Anseriformes wild - North America","North America","Galliformes","North America","NorthernAmerica",0.151,1,2,"major","#A1C0A6","#7bcc33","minor",1869.360544,228.7853505,1138.631459,"",2,0,"low"
"7_1_5_2_3_3_1_2","H5N8/2020/R4_Asia","2.3.4.4b",55,"Galliformes, Strigiformes, Falconiformes, Anseriformes, Accipitriformes, environment, unknown avian, Gruiformes","Galliformes, Avian other, Anseriformes wild, Anseriformes domestic, environment","Galliformes - Asia, Avian other - Asia, Anseriformes wild - Asia, Anseriformes domestic - Asia, environment - Asia","Asia","environment","Asia","EasternAsia",0.235,1,5,"major","#6CB1C0","#ccb366","minor",1744.553054,62.09421854,560.1621386,"",8,0,"low"
"2_1_1_1_1_1_1_11","H5N1/2022/R39_NAmerica","2.3.4.4b",11,"Suliformes, Charadriiformes, Galliformes, Anseriformes","Avian other, Charadriiformes, Galliformes, Anseriformes domestic","Avian other - North America, Charadriiformes - North America, Galliformes - North America, Anseriformes domestic - North America","North America","Avian other","North America","NorthernAmerica",0.945,1,4,"major","#94BBB2","#33ccb9","major",1722.802052,397.4012837,1328.74449,"",4,0,"low"
"1_1_7_2_3_3_1_2","H5N8/2020/R7_Asia","2.3.4.4b",8,"Accipitriformes, Galliformes, Anseriformes","Avian other, Galliformes, Anseriformes wild, Anseriformes domestic","Avian other - Asia, Galliformes - Asia, Anseriformes wild - Asia, Anseriformes domestic - Asia","Asia","Anseriformes domestic","Asia","EasternAsia",0.205,1,4,"major","#9ABDAD","#c533cc","minor",1709.655341,505.7747413,916.7641218,"",3,0,"low"
"13_1_4_1_4_1_1_4","H5N1/2023/R2_Europe","2.3.4.4b",101,"Charadriiformes, Anseriformes, Galliformes, Accipitriformes, Mammal, Falconiformes","Charadriiformes, Anseriformes domestic, Galliformes, Avian other, Mammal","Charadriiformes - Europe, Anseriformes domestic - Europe, Galliformes - Europe, Avian other - Europe, Mammal - Europe","Europe","Charadriiformes","Europe","NorthernEurope, EasternEurope, WesternEurope",0.8,1,5,"major","#62ACBD","#cc3372","major",1605.811485,59.09910703,514.2250801,"",6,1,"middle"
"3_2_2_1_3_5_1_2","H5N5/2020/R1_Europe","2.3.4.4b",15,"Anseriformes, Galliformes, Accipitriformes","Anseriformes wild, Galliformes, Avian other","Anseriformes wild - Europe, Galliformes - Europe, Avian other - Europe","Europe","Avian other","Europe","WesternEurope, NorthernEurope, SouthernEurope",0.416,1,3,"major","#86B7B9","#cc6669","minor",1593.341382,94.5333517,863.2802177,"",3,0,"low"
"3_2_3_1_3_7_1_2","H5N6/2021/R7_Asia","2.3.4.4b",4,"Anseriformes, Galliformes","Anseriformes domestic, Galliformes","Anseriformes domestic - Asia, Galliformes - Asia","Asia","Anseriformes domestic","Asia","EasternAsia",0.427,1,2,"major","#B7C689","#33cc59","minor",1518.991372,1518.991372,1518.991372,"",2,0,"low"
"1_1_12_1_1_1_1_1","H5N1/2022/R36_Asia","2.3.4.4b",12,"Passeriformes, Mammal, Anseriformes","Avian other, Mammal, Anseriformes wild","Avian other - Asia, Mammal - Asia, Anseriformes wild - Asia","Asia","Avian other","Asia","EasternAsia",0.348,1,3,"major","#91BAB5","#99cca2","minor",1505.526472,780.2547644,1131.529979,"",3,1,"middle"
"18_1_2_1_1_18_1_1","H5N2/2022/R2_Asia","2.3.4.4b",2,"Passeriformes, Galliformes","Avian other, Galliformes","Avian other - Asia, Galliformes - Asia","Asia","Avian other","Asia","EasternAsia",0.222,1,2,"major","#D6CA57","#3633cc","minor",1489.463447,1489.463447,1489.463447,"",2,0,"low"
"2_1_1_1_10_1_1_1","H5N1/2021/R12_Europe","2.3.4.4b",14,"Charadriiformes, Columbiformes, Strigiformes, Falconiformes, Galliformes, Accipitriformes","Charadriiformes, Avian other, Galliformes","Charadriiformes - Europe, Avian other - Europe, Galliformes - Europe","Europe","Charadriiformes","Europe","WesternEurope, NorthernEurope",0.178,1,3,"major","#87B7B8","#cc9e99","minor",1447.595548,88.15450602,575.9811209,"",6,0,"low"
"14_1_3_1_1_1_1_1","H5N1/2022/R23_Europe","2.3.4.4b",25,"Anseriformes, Charadriiformes, Galliformes, Sphenisciformes, Gruiformes, Strigiformes","Anseriformes wild, Charadriiformes, Anseriformes domestic, Galliformes, Avian other","Anseriformes wild - Europe, Charadriiformes - Europe, Anseriformes domestic - Europe, Galliformes - Europe, Avian other - Europe","Europe","Anseriformes wild","Europe","WesternEurope, NorthernEurope, SouthernEurope",0.345,1,5,"major","#7FB5BB","#b699cc","minor",1436.138485,76.85811299,606.6809297,"",6,0,"low"
"4_3_1_1_2_1_1_1","H5N1/2022/R11_NAmerica","2.3.4.4b",6,"Mammal, Galliformes, Accipitriformes","Mammal, Galliformes, Avian other","Mammal - North America, Galliformes - North America, Avian other - North America","North America","Galliformes","North America","NorthernAmerica",0.592,1,3,"major","#A9C39D","#999bcc","major",1412.257059,1412.257059,1412.257059,"",3,1,"middle"
"1_1_2_1_1_1_1_7","H5N1/2024/R1_Europe","2.3.4.4b",90,"Anseriformes, Galliformes, Accipitriformes, Passeriformes","Anseriformes domestic, Anseriformes wild, Galliformes, Avian other","Anseriformes domestic - Europe, Anseriformes wild - Europe, Galliformes - Europe, Avian other - Europe","Europe","Anseriformes wild","Europe","EasternEurope, SouthernEurope, WesternEurope",1.092,1,4,"major","#65ADBE","#cc999c","major",1382.783369,58.66523252,457.2829252,"",4,0,"low"
"16_8_10_1_8_6_1_8","H5N6/2021/R1_Asia","2.3.4.4b",25,"Anseriformes, Galliformes, Mammal, environment","Anseriformes domestic, Galliformes, Mammal, environment","Anseriformes domestic - Asia, Galliformes - Asia, Mammal - Asia, environment - Asia","Asia","Anseriformes domestic","Asia","EasternAsia, SouthEasternAsia",1.279,1,4,"major","#81B6BB","#c466cc","major",1354.137474,498.8667229,1202.275387,"",4,1,"middle"
"19_8_11_1_8_9_1_9","H5N6/2021/R2_Asia","2.3.4.4b",12,"Mammal, environment, Anseriformes, Galliformes","Mammal, environment, Anseriformes domestic, Galliformes","Mammal - Asia, environment - Asia, Anseriformes domestic - Asia, Galliformes - Asia","Asia","Mammal","Asia","EasternAsia",0.624,1,4,"major","#90B9B6","#4bcc33","major",1324.899191,384.3086924,912.1779498,"",4,1,"middle"
"1_1_2_1_1_11_1_7","H5N4/2021/R2_Europe","2.3.4.4b",4,"Charadriiformes, Falconiformes","Charadriiformes, Avian other","Charadriiformes - Europe, Avian other - Europe","Europe","Charadriiformes","Europe","WesternEurope, NorthernEurope",0.088,1,2,"major","#B4C58C","#afcc99","minor",1274.555244,116.0627129,793.8161949,"",2,0,"low"
"5_5_1_1_2_1_1_3","H5N1/2023/R31_NAmerica","2.3.4.4b",6,"Galliformes, Anseriformes","Galliformes, Anseriformes wild","Galliformes - North America, Anseriformes wild - North America","North America","Anseriformes wild","North America","NorthernAmerica",0.15,1,2,"major","#AAC39B","#8466cc","minor",1236.103952,1236.103952,1236.103952,"",2,0,"low"
"3_12_3_1_3_2_1_2","H5N8/2021/R10_Asia","2.3.4.4b",2,"Anseriformes","Anseriformes domestic","Anseriformes domestic - Asia","Asia","Anseriformes domestic","Asia","EasternAsia",0.085,1,1,"major","#DDC63F","#afcc66","minor",1225.737838,1225.737838,1225.737838,"",1,0,"low"
"1_1_2_1_10_8_1_1","H5N3/2021/R1_Europe","2.3.4.4b",13,"Charadriiformes, Accipitriformes, Falconiformes","Charadriiformes, Avian other","Charadriiformes - Europe, Avian other - Europe","Europe","Charadriiformes","Europe","WesternEurope, NorthernEurope",0.191,1,2,"major","#8CB9B7","#c4cc99","minor",1187.805593,116.8795748,669.0942008,"",3,0,"low"
"13_1_2_1_1_1_1_1","H5N1/2022/R27_Europe","2.3.4.4b",6,"Galliformes, Falconiformes, Anseriformes","Galliformes, Avian other, Anseriformes wild","Galliformes - Europe, Avian other - Europe, Anseriformes wild - Europe","Europe","Galliformes","Europe","NorthernEurope",0.205,1,3,"major","#A2C1A5","#9fcc99","minor",1075.626489,1075.626489,1075.626489,"",3,0,"low"
"9_1_7_1_5_1_1_5","H5N1/2022/R60_Asia","2.3.4.4b",166,"environment, Gruiformes, Accipitriformes, Galliformes","environment, Avian other, Galliformes","environment - Asia, Avian other - Asia, Galliformes - Asia","Asia","environment","Asia","EasternAsia",0.252,1,3,"major","#56A6B9","#99a0cc","minor",1039.214744,643.1760418,665.2630011,"",4,0,"low"
"7_1_13_2_1_3_1_2","H5N8/2020/R17_Asia","2.3.4.4b",6,"environment","environment","environment - Asia","Asia","environment","Asia","EasternAsia",0.038,1,1,"major","#ABC399","#9633cc","minor",970.0511018,970.0511018,970.0511018,"",1,0,"low"
"7_6_5_2_1_3_1_2","H5N8/2020/R15_Asia","2.3.4.4b",4,"environment","environment","environment - Asia","Asia","environment","Asia","EasternAsia",0.077,1,1,"major","#BAC784","#339ecc","minor",970.0511018,970.0511018,970.0511018,"",1,0,"low"
"7_9_5_2_1_3_1_2","H5N8/2020/R16_Asia","2.3.4.4b",4,"environment","environment","environment - Asia","Asia","environment","Asia","EasternAsia",0.019,1,1,"major","#BBC782","#99abcc","minor",970.0511018,970.0511018,970.0511018,"",1,0,"low"
"7_1_21_2_1_3_1_2","H5N8/2020/R12_Asia","2.3.4.4b",2,"environment","environment","environment - Asia","Asia","environment","Asia","EasternAsia",0,1,1,"minor","#DFC130","#99cbcc","minor",970.0511018,970.0511018,970.0511018,"",1,0,"low"
"7_6_13_2_1_3_1_2","H5N8/2020/R13_Asia","2.3.4.4b",2,"environment","environment","environment - Asia","Asia","environment","Asia","EasternAsia",0,1,1,"minor","#DFC02D","#66a6cc","minor",970.0511018,970.0511018,970.0511018,"",1,0,"low"
"7_6_13_2_3_3_1_2","H5N8/2020/R14_Asia","2.3.4.4b",2,"environment","environment","environment - Asia","Asia","environment","Asia","EasternAsia",0,1,1,"minor","#E0BF2A","#335fcc","minor",970.0511018,970.0511018,970.0511018,"",1,0,"low"
"8_10_1_1_2_1_1_3","H5N1/2023/R28_NAmerica","2.3.4.4b",3,"Galliformes, Anseriformes","Galliformes, Anseriformes wild","Galliformes - North America, Anseriformes wild - North America","North America","Galliformes","North America","NorthernAmerica",0.107,1,2,"major","#C8C96D","#ccbc33","minor",927.5095266,927.5095266,927.5095266,"",2,0,"low"
"2_1_1_1_1_4_1_1","H5N5/2021/R4_Europe","2.3.4.4b",8,"Anseriformes, Galliformes, Accipitriformes","Anseriformes wild, Galliformes, Avian other","Anseriformes wild - Europe, Galliformes - Europe, Avian other - Europe","Europe","Anseriformes wild","Europe","EasternEurope, WesternEurope",0.228,1,3,"major","#9BBDAC","#cc99bc","minor",896.5158607,26.59552263,441.6946861,"",3,0,"low"
"17_1_1_1_1_1_1_1","H5N1/2022/R42_Africa","2.3.4.4b",13,"Galliformes, Anseriformes","Galliformes, Anseriformes domestic","Galliformes - Africa, Anseriformes domestic - Africa","Africa","Galliformes","Africa","WesternAfrica",0.17,1,2,"major","#8BB8B7","#ccad33","minor",867.386099,72.93221421,491.3527024,"",2,0,"low"
"8_5_1_1_7_1_1_3","H5N1/2023/R25_NAmerica","2.3.4.4b",20,"Anseriformes, Accipitriformes, Strigiformes, Falconiformes, Galliformes","Anseriformes wild, Avian other, Galliformes","Anseriformes wild - North America, Avian other - North America, Galliformes - North America","North America","Avian other","North America","NorthernAmerica",0.107,1,3,"major","#82B6BA","#cc33a2","minor",844.3879083,844.3879083,844.3879083,"",5,0,"low"
"10_1_2_1_1_15_1_1","H5N2/2022/R1_Europe","2.3.4.4b",3,"Anseriformes, Galliformes","Anseriformes wild, Galliformes","Anseriformes wild - Europe, Galliformes - Europe","Europe","Anseriformes wild","Europe","WesternEurope, EasternEurope",0.082,1,2,"major","#BCC781","#6667cc","minor",837.3813927,837.3813927,837.3813927,"",2,0,"low"
"1_1_7_1_5_1_1_5","H5N1/2022/R25_Asia","2.3.4.4b",11,"Anseriformes, environment, Pelecaniformes, Accipitriformes, Falconiformes, Galliformes, Gruiformes","Anseriformes wild, environment, Avian other, Galliformes, Anseriformes domestic","Anseriformes wild - Asia, environment - Asia, Avian other - Asia, Galliformes - Asia, Anseriformes domestic - Asia","Asia","Avian other","Asia","EasternAsia",0.227,1,5,"major","#93BAB3","#66cc9c","minor",752.9550803,140.0762478,647.2925787,"",7,0,"low"
"5_5_9_1_2_1_1_1","H5N1/2023/R1_NAmerica","2.3.4.4b",8,"Accipitriformes, Galliformes","Avian other, Galliformes","Avian other - North America, Galliformes - North America","North America","Avian other","North America","NorthernAmerica",0.798,1,2,"major","#9BBEAB","#cc6689","major",747.6878728,747.6878728,747.6878728,"",2,0,"low"
"5_3_1_1_2_1_1_1","H5N1/2022/R28_NAmerica","2.3.4.4b",3,"Galliformes, Accipitriformes, Passeriformes","Galliformes, Avian other","Galliformes - North America, Avian other - North America","North America","Galliformes","North America","NorthernAmerica",0.066,1,2,"major","#C7C870","#cc9e66","minor",679.9951618,679.9951618,679.9951618,"",3,0,"low"
"3_2_3_1_1_2_1_2","H5N8/2021/R2_Europe","2.3.4.4b",7,"Anseriformes, Mammal, Galliformes","Anseriformes wild, Mammal, Galliformes, Anseriformes domestic","Anseriformes wild - Europe, Mammal - Europe, Galliformes - Europe, Anseriformes domestic - Europe","Europe","Galliformes","Europe","NorthernEurope, WesternEurope",0.477,1,4,"major","#A0C0A7","#b9cc66","minor",658.7024106,185.2713122,343.8549146,"",3,1,"middle"
"2_1_17_1_1_1_1_1","H5N1/2021/R14_Africa","2.3.4.4b",6,"unknown avian, Galliformes","Avian other, Galliformes","Avian other - Africa, Galliformes - Africa","Africa","Avian other","Africa","WesternAfrica",0.271,1,2,"major","#A4C1A3","#33cc89","minor",656.5472332,656.5472332,656.5472332,"",2,0,"low"
"1_6_6_1_5_1_1_5","H5N1/2022/R26_Asia","2.3.4.4b",13,"Anseriformes, unknown avian, environment, Pelecaniformes","Anseriformes wild, Avian other, environment, Anseriformes domestic","Anseriformes wild - Asia, Avian other - Asia, environment - Asia, Anseriformes domestic - Asia","Asia","Anseriformes wild","Asia","EasternAsia",0.175,1,4,"major","#8EB9B6","#99cc66","minor",656.3977643,86.4904777,358.9838529,"",4,0,"low"
"3_1_2_1_3_2_1_2","H5N8/2021/R1_Europe","2.3.4.4b",14,"Anseriformes, Accipitriformes, Galliformes, Charadriiformes","Anseriformes wild, Avian other, Galliformes, Anseriformes domestic, Charadriiformes","Anseriformes wild - Europe, Avian other - Europe, Galliformes - Europe, Anseriformes domestic - Europe, Charadriiformes - Europe","Europe","Galliformes","Europe","NorthernEurope",0.258,1,5,"major","#89B8B8","#cc9366","minor",638.9268362,121.0426489,260.1165195,"",4,0,"low"
"11_1_13_1_5_1_1_5","H5N1/2022/R59_Asia","2.3.4.4b",4,"environment, Galliformes","environment, Galliformes","environment - Asia, Galliformes - Asia","Asia","Galliformes","Asia","EasternAsia",0.08,1,2,"major","#B2C590","#ccbe66","minor",609.5404052,127.5134252,436.7561134,"",2,0,"low"
"1_6_2_1_1_1_1_10","H5N1/2023/R32_Europe","2.3.4.4b",12,"Anseriformes, Passeriformes, Galliformes","Anseriformes wild, Avian other, Galliformes","Anseriformes wild - Europe, Avian other - Europe, Galliformes - Europe","Europe","Anseriformes wild","Europe","WesternEurope, NorthernEurope",0.181,1,3,"major","#92BAB4","#ffe4b5","minor",578.0310273,102.3629287,473.2253672,"",3,0,"low"
"1_1_7_1_5_1_1_1","H5N1/2023/R7_Asia","2.3.4.4b",3,"Pelecaniformes, Passeriformes","Avian other","Avian other - Asia","Asia","Avian other","Asia","EasternAsia",0.161,1,1,"major","#C1C87A","#cc66c9","minor",563.669039,563.669039,563.669039,"",2,0,"low"
"2_1_18_1_1_1_1_1","H5N1/2022/R24_Europe","2.3.4.4b",2,"Suliformes, Anseriformes","Avian other, Anseriformes wild","Avian other - Europe, Anseriformes wild - Europe","Europe","Avian other","Europe","WesternEurope, NorthernEurope",1.099,1,2,"major","#DCCA4B","#cc667e","major",504.6535494,504.6535494,504.6535494,"",2,0,"low"
"3_8_3_1_11_7_1_8","H5N6/2021/R8_Asia","2.3.4.4b",4,"Anseriformes, Mammal","Anseriformes domestic, Mammal","Anseriformes domestic - Asia, Mammal - Asia","Asia","Anseriformes domestic","Asia","EasternAsia",1.241,1,2,"major","#B8C687","#99ccb7","major",503.6869837,503.6869837,503.6869837,"",2,1,"middle"
"3_1_3_1_3_14_1_2","H5N1/2022/R9_Asia","2.3.4.4b",6,"Galliformes, Anseriformes, Columbiformes","Galliformes, Anseriformes domestic, Avian other","Galliformes - Asia, Anseriformes domestic - Asia, Avian other - Asia","Asia","Anseriformes domestic","Asia","EasternAsia",0.263,1,3,"major","#A5C2A2","#99ccc7","minor",502.4628892,480.0870131,495.3871797,"",3,0,"low"
"9_1_7_1_5_1_1_1","H5N1/2022/R58_Asia","2.3.4.4b",3,"Anseriformes, Galliformes","Anseriformes wild, Galliformes","Anseriformes wild - Asia, Galliformes - Asia","Asia","Anseriformes wild","Asia","EasternAsia",0.068,1,2,"major","#CAC96B","#bfcc99","minor",492.9582573,492.9582573,492.9582573,"",2,0,"low"
"1_1_11_1_1_11_1_7","H5N4/2021/R1_Europe","2.3.4.4b",3,"Charadriiformes, Falconiformes","Charadriiformes, Avian other","Charadriiformes - Europe, Avian other - Europe","Europe","Charadriiformes","Europe","WesternEurope",0.057,1,2,"major","#BFC87C","#bb99cc","minor",436.343569,436.343569,436.343569,"",2,0,"low"
"20_7_7_1_9_7_1_1","H5N6/2023/R3_Asia","2.3.4.4b",7,"Falconiformes, Anseriformes","Avian other, Anseriformes domestic, Anseriformes wild","Avian other - Asia, Anseriformes domestic - Asia, Anseriformes wild - Asia","Asia","Anseriformes domestic","Asia","EasternAsia",0.052,1,3,"major","#9EBFA8","#cc7d33","minor",401.1871346,401.1871346,401.1871346,"",2,0,"low"
"10_6_2_1_11_1_1_1","H5N1/2024/R2_Europe","2.3.4.4b",3,"Charadriiformes","Charadriiformes","Charadriiformes - Europe","Europe","Charadriiformes","Europe","WesternEurope",0.084,1,1,"major","#BEC87F","#6633cc","minor",384.9051993,384.9051993,384.9051993,"",1,0,"low"
"11_1_3_1_9_1_1_5","H5N1/2021/R11_Europe","2.3.4.4b",7,"Pelecaniformes, Anseriformes","Avian other, Anseriformes wild, Anseriformes domestic","Avian other - Europe, Anseriformes wild - Europe, Anseriformes domestic - Europe","Europe","Avian other","Europe","EasternEurope",0.257,1,3,"major","#9CBEAA","#cc3333","minor",345.4517483,345.4517483,345.4517483,"",2,0,"low"
"2_1_1_1_6_1_1_1","H5N1/2022/R40_Asia","2.3.4.4b",51,"Anseriformes, Galliformes, Pelecaniformes, Gruiformes","Anseriformes wild, Anseriformes domestic, Galliformes, Avian other","Anseriformes wild - Asia, Anseriformes domestic - Asia, Galliformes - Asia, Avian other - Asia","Asia","Anseriformes domestic","Asia","EasternAsia",0.271,1,4,"major","#70B2C0","#b4cc99","minor",341.3382843,16.8562113,147.2561902,"",4,0,"low"
"4_11_1_1_2_1_1_3","H5N1/2023/R4_NAmerica","2.3.4.4b",4,"Accipitriformes, Galliformes, Anseriformes","Avian other, Galliformes, Anseriformes domestic","Avian other - North America, Galliformes - North America, Anseriformes domestic - North America","North America","Avian other","North America","NorthernAmerica",0.439,1,3,"major","#B9C786","#66ccc6","minor",322.166982,322.166982,322.166982,"",3,0,"low"
"3_2_3_1_3_2_1_9","H5N8/2021/R11_Asia","2.3.4.4b",2,"Galliformes","Galliformes","Galliformes - Asia","Asia","Galliformes","Asia","EasternAsia, SouthEasternAsia",0.381,1,1,"major","#DEC439","#9acc99","minor",313.2744631,313.2744631,313.2744631,"",1,0,"low"
"1_1_7_2_3_3_1_5","H5N8/2020/R8_Asia","2.3.4.4b",10,"Anseriformes, Galliformes, unknown avian","Anseriformes domestic, Galliformes, Avian other","Anseriformes domestic - Asia, Galliformes - Asia, Avian other - Asia","Asia","Avian other","Asia","EasternAsia",0.071,1,3,"major","#98BCAF","#a699cc","minor",297.0049291,92.90277658,190.580925,"",3,0,"low"
"3_2_2_1_1_5_1_2","H5N5/2021/R2_Europe","2.3.4.4b",7,"Galliformes, Anseriformes, Accipitriformes","Galliformes, Anseriformes domestic, Avian other, Anseriformes wild","Galliformes - Europe, Anseriformes domestic - Europe, Avian other - Europe, Anseriformes wild - Europe","Europe","Avian other","Europe","NorthernEurope",0.376,1,4,"major","#9FBFA7","#ccc399","minor",207.7680691,207.7680691,207.7680691,"",3,0,"low"
"17_1_6_1_5_2_1_10","H5N8/2021/R13_Asia","2.3.4.4b",10,"Anseriformes","Anseriformes domestic","Anseriformes domestic - Asia","Asia","Anseriformes domestic","Asia","SouthEasternAsia",0.167,1,1,"major","#97BCB0","#333fcc","minor",197.2691505,22.80468821,122.6471286,"",1,0,"low"
"2_1_1_1_9_1_1_1","H5N1/2022/R57_Europe","2.3.4.4b",2,"Anseriformes","Anseriformes wild","Anseriformes wild - Europe","Europe","Anseriformes wild","Europe","EasternEurope",0.054,1,1,"major","#DCC948","#cc7e66","minor",193.8810907,193.8810907,193.8810907,"",1,0,"low"
"1_2_2_1_5_5_1_2","H5N5/2020/R3_Europe","2.3.4.4b",2,"Falconiformes","Avian other","Avian other - Europe","Europe","Avian other","Europe","NorthernEurope",0,1,1,"minor","#DCCB4E","#cc99b7","minor",126.9699771,126.9699771,126.9699771,"",1,0,"low"
"2_1_6_1_5_1_1_1","H5N1/2021/R15_Asia","2.3.4.4b",5,"Anseriformes, Galliformes","Anseriformes domestic, Galliformes","Anseriformes domestic - Asia, Galliformes - Asia","Asia","Anseriformes domestic","Asia","EasternAsia",0.145,1,2,"major","#B0C493","#cc4d33","minor",96.36938257,96.36938257,96.36938257,"",2,0,"low"
"1_2_15_2_1_13_1_2","H5N8/2019/R8_Europe","2.3.4.4b",6,"Galliformes, Anseriformes","Galliformes, Anseriformes domestic","Galliformes - Europe, Anseriformes domestic - Europe","Europe","Anseriformes domestic","Europe","EasternEurope",1.188,1,2,"major","#A3C1A4","#66cc7c","major",64.49292361,64.49292361,64.49292361,"",2,0,"low"
"1_1_18_2_5_19_1_5","H5N2/2020/R1_Europe","2.3.4.4b",2,"Galliformes","Galliformes","Galliformes - Europe","Europe","Galliformes","Europe","EasternEurope",0.028,1,1,"major","#D7CA55","#ab99cc","minor",64.49292361,64.49292361,64.49292361,"",1,0,"low"
"3_2_3_2_3_3_2_2","H5N8/2019/R2_Africa","2.3.4.4b",10,"Galliformes, Anseriformes","Galliformes, Anseriformes domestic","Galliformes - Africa, Anseriformes domestic - Africa","Africa","Galliformes","Africa","NorthernAfrica",0.189,1,2,"major","#99BDAE","#a466cc","minor",0,0,0,"",2,0,"low"
"18_1_2_1_1_1_1_1","H5N1/2023/R19_Europe","2.3.4.4b",7,"Galliformes","Galliformes","Galliformes - Europe","Europe","Galliformes","Europe","NorthernEurope",0.055,1,1,"major","#9DBFA9","#cc7466","minor",0,0,0,"",1,0,"low"
"7_2_5_2_9_3_1_2","H5N8/2019/R1_Africa","2.3.4.4b",6,"Anseriformes, Galliformes","Anseriformes domestic, Galliformes","Anseriformes domestic - Africa, Galliformes - Africa","Africa","Galliformes","Africa","WesternAfrica",0.101,1,2,"major","#ACC398","#cb99cc","minor",0,0,0,"",2,0,"low"
"1_2_3_2_3_3_2_2","H5N8/2019/R6_Africa","2.3.4.4b",4,"Anseriformes","Anseriformes domestic","Anseriformes domestic - Africa","Africa","Anseriformes domestic","Africa","NorthernAfrica",0,1,1,"major","#B5C68B","#6fcc66","minor",0,0,0,"",1,0,"low"
"22_2_3_1_3_2_1_2","H5N8/2022/R3_Africa","2.3.4.4b",3,"Anseriformes","Anseriformes domestic, Anseriformes wild","Anseriformes domestic - Africa, Anseriformes wild - Africa","Africa","Anseriformes wild","Africa","NorthernAfrica",0.15,1,2,"major","#C2C877","#cc3392","minor",0,0,0,"",1,0,"low"
"11_7_6_1_5_1_1_1","H5N1/2023/R11_Asia","2.3.4.4b",2,"Strigiformes, Anseriformes","Avian other, Anseriformes wild","Avian other - Asia, Anseriformes wild - Asia","Asia","Avian other","Asia","EasternAsia",0.077,1,2,"major","#CBC968","#8fcc66","minor",0,0,0,"",2,0,"low"
"11_7_6_1_5_1_1_13","H5N1/2023/R35_Asia","2.3.4.4b",2,"Anseriformes","Anseriformes domestic","Anseriformes domestic - Asia","Asia","Anseriformes domestic","Asia","SouthernAsia",0,1,1,"minor","#CDC966","#3bcc33","minor",0,0,0,"",1,0,"low"
"14_2_2_2_3_17_1_2","H5N6/2019/R2_Europe","2.3.4.4b",2,"Accipitriformes","Avian other","Avian other - Europe","Europe","Avian other","Europe","NorthernEurope",0.225,1,1,"major","#D0C961","#66cca6","minor",0,0,0,"",1,0,"low"
"3_1_22_1_11_20_1_8","H5N6/2023/R2_Asia","2.3.4.4b",2,"Mammal, Anseriformes","Mammal, Anseriformes domestic","Mammal - Asia, Anseriformes domestic - Asia","Asia","Mammal","Asia","EasternAsia",0.457,1,2,"major","#DEC53C","#6bcc33","minor",0,0,0,"",2,1,"middle"
"11_1_6_1_5_1_1_6","H5N1/2022/R50_Asia","2.3.4.4b",1,"Anseriformes","Anseriformes wild","Anseriformes wild - Asia","Asia","Anseriformes wild","Asia","EasternAsia",0,1,1,"minor","#E1BC21","#a533cc","minor",0,0,0,"",1,0,"low"
"11_7_1_1_6_1_1_1","H5N1/2022/R51_Asia","2.3.4.4b",1,"Anseriformes","Anseriformes wild","Anseriformes wild - Asia","Asia","Anseriformes wild","Asia","EasternAsia",0,1,1,"minor","#E1BB1E","#cc99c6","minor",0,0,0,"",1,0,"low"
"14_2_11_2_3_17_1_15","H5N6/2019/R1_Africa","2.3.4.4b",1,"Anseriformes","Anseriformes domestic","Anseriformes domestic - Africa","Africa","Anseriformes domestic","Africa","WesternAfrica",0,1,1,"minor","#E3B20E","#66cc67","minor",0,0,0,"",1,0,"low"
"1_1_2_1_9_1_1_1","H5N1/2022/R21_Europe","2.3.4.4b",1,"Galliformes","Galliformes","Galliformes - Europe","Europe","Galliformes","Europe","NorthernEurope",0,1,1,"minor","#E5A309","#cc3382","minor",0,0,0,"",1,0,"low"
"1_1_2_1_9_1_1_5","H5N1/2022/R22_Europe","2.3.4.4b",1,"Anseriformes","Anseriformes wild","Anseriformes wild - Europe","Europe","Anseriformes wild","Europe","SouthernEurope",0,1,1,"minor","#E5A108","#cc99a1","minor",0,0,0,"",1,0,"low"
"1_7_1_1_9_1_1_1","H5N1/2022/R48_Asia","2.3.4.4b",1,"Strigiformes","Avian other","Avian other - Asia","Asia","Avian other","Asia","EasternAsia",0,1,1,"minor","#E69805","#33cc3a","minor",0,0,0,"",1,0,"low"
"1_7_6_1_5_1_1_6","H5N1/2022/R49_Asia","2.3.4.4b",1,"environment","environment","environment - Asia","Asia","environment","Asia","EasternAsia",0,1,1,"minor","#E79705","#99ccad","minor",0,0,0,"",1,0,"low"
"20_1_2_1_5_1_1_6","H5N1/2023/R10_Asia","2.3.4.4b",1,"Accipitriformes","Avian other","Avian other - Asia","Asia","Avian other","Asia","EasternAsia",0,1,1,"minor","#E79405","#33becc","minor",0,0,0,"",1,0,"low"
"20_1_7_1_5_1_1_1","H5N1/2022/R54_Asia","2.3.4.4b",1,"Anseriformes","Anseriformes wild","Anseriformes wild - Asia","Asia","Anseriformes wild","Asia","EasternAsia",0,1,1,"minor","#E79305","#99b5cc","minor",0,0,0,"",1,0,"low"
"20_7_6_1_3_1_1_1","H5N1/2022/R55_Asia","2.3.4.4b",1,"environment","environment","environment - Asia","Asia","environment","Asia","EasternAsia",0,1,1,"minor","#E89105","#667ccc","minor",0,0,0,"",1,0,"low"
"23_13_23_2_15_21_3_14","H5N3/2019/R1_Asia","2.3.4.4b",1,"unknown avian","Avian other","Avian other - Asia","Asia","Avian other","Asia","SouthernAsia",0,1,1,"minor","#E88D05","#b966cc","minor",0,0,0,"",1,0,"low"
"2_6_1_1_6_1_1_6","H5N1/2023/R9_Asia","2.3.4.4b",1,"Anseriformes","Anseriformes wild","Anseriformes wild - Asia","Asia","Anseriformes wild","Asia","EasternAsia",0,1,1,"minor","#EC7804","#334fcc","minor",0,0,0,"",1,0,"low"
"2_6_6_1_5_1_1_6","H5N1/2022/R53_Asia","2.3.4.4b",1,"Gruiformes","Avian other","Avian other - Asia","Asia","Avian other","Asia","EasternAsia",0,1,1,"minor","#EC7304","#b533cc","minor",0,0,0,"",1,0,"low"
"2_9_1_1_6_1_1_1","H5N1/2023/R20_Asia","2.3.4.4b",1,"Galliformes","Galliformes","Galliformes - Asia","Asia","Galliformes","Asia","SouthEasternAsia",0,1,1,"minor","#EC7204","#cc99c1","minor",0,0,0,"",1,0,"low"
"3_2_3_1_3_22_1_2","H5N5/2020/R4_Europe","2.3.4.4b",1,"Anseriformes","Anseriformes wild","Anseriformes wild - Europe","Europe","Anseriformes wild","Europe","NorthernEurope",0,1,1,"minor","#EE5F03","#D3CA5C","minor",0,0,0,"",1,0,"low"
"3_2_3_1_3_2_2_2","H5N8/2020/R11_Africa","2.3.4.4b",1,"Galliformes","Galliformes","Galliformes - Africa","Africa","Galliformes","Africa","NorthernAfrica",0,1,1,"minor","#EE5A03","#D7CA55","minor",0,0,0,"",1,0,"low"
"3_2_3_1_3_2_4_2","H5N8/2019/R5_Africa","2.3.4.4b",1,"Galliformes","Galliformes","Galliformes - Africa","Africa","Galliformes","Africa","NorthernAfrica",0,1,1,"minor","#EE5903","#D9CA52","minor",0,0,0,"",1,0,"low"
"7_2_5_2_5_3_1_2","H5N8/2020/R10_Africa","2.3.4.4b",1,"Galliformes","Galliformes","Galliformes - Africa","Africa","Galliformes","Africa","NorthernAfrica",0,1,1,"minor","#F02900","#E1BC21","minor",0,0,0,"",1,0,"low"
"9_1_1_1_1_1_1_1","H5N1/2023/R34_Asia","2.3.4.4b",1,"Anseriformes","Anseriformes domestic","Anseriformes domestic - Asia","Asia","Anseriformes domestic","Asia","SouthernAsia",0,1,1,"minor","#F02300","#E1BA1B","minor",0,0,0,"",1,0,"low"
"9_1_6_1_5_1_1_1","H5N1/2023/R33_Asia","2.3.4.4b",1,"unknown avian","Avian other","Avian other - Asia","Asia","Avian other","Asia","SouthernAsia",0,1,1,"minor","#F01D00","#E2B815","minor",0,0,0,"",1,0,"low"
"9_9_13_1_5_1_1_5","H5N1/2022/R56_Asia","2.3.4.4b",1,"Gruiformes","Avian other","Avian other - Asia","Asia","Avian other","Asia","EasternAsia",0,1,1,"minor","#F11B00","#E2B712","minor",0,0,0,"",1,0,"low"
"3_6_3_1_12_12_1_2","H5N2/2022/R5_Asia","2.3.4.4b",6,"Anseriformes","Anseriformes domestic","Anseriformes domestic - Asia","Asia","Anseriformes domestic","Asia","EasternAsia",0.076,1,1,"major","#A8C29E","#336fcc","minor",0,0,0,"",1,0,"low"
"18_9_2_1_1_1_1_1","H5N1/2023/R18_Europe","2.3.4.4b",5,"Galliformes","Galliformes","Galliformes - Europe","Europe","Galliformes","Europe","NorthernEurope",0.12,1,1,"major","#ADC496","#cc66a9","minor",0,0,0,"",1,0,"low"
"21_6_16_1_8_10_1_9","H5N6/2021/R9_Asia","2.3.4.4b",5,"Galliformes","Galliformes","Galliformes - Asia","Asia","Galliformes","Asia","EasternAsia",0,1,1,"major","#AEC494","#cc3362","minor",0,0,0,"",1,0,"low"
"4_1_1_1_7_1_1_1","H5N1/2022/R35_NAmerica","2.3.4.4b",5,"Mammal, unknown avian, Accipitriformes, Strigiformes, Anseriformes","Mammal, Avian other, Anseriformes wild","Mammal - North America, Avian other - North America, Anseriformes wild - North America","North America","Avian other","North America","NorthernAmerica",0.534,1,3,"major","#B1C591","#ccb399","major",0,0,0,"",5,1,"middle"
"15_10_19_1_7_1_1_3","H5N1/2022/R3_NAmerica","2.3.4.4b",4,"Galliformes, Anseriformes","Galliformes, Anseriformes wild","Galliformes - North America, Anseriformes wild - North America","North America","Galliformes","North America","NorthernAmerica",0.008,1,2,"major","#B3C58E","#abcc33","minor",0,0,0,"",2,0,"low"
"2_1_1_1_1_16_1_2","H5N8/2020/R5_Europe","2.3.4.4b",3,"Galliformes","Galliformes","Galliformes - Europe","Europe","Galliformes","Europe","EasternEurope",0,1,1,"major","#C4C875","#cc99a7","minor",0,0,0,"",1,0,"low"
"3_1_2_1_5_5_1_2","H5N5/2021/R1_Europe","2.3.4.4b",3,"Galliformes","Galliformes","Galliformes - Europe","Europe","Galliformes","Europe","NorthernEurope",1.014,1,1,"major","#C5C872","#cca399","major",0,0,0,"",1,0,"low"
"11_7_6_1_5_1_1_5","H5N1/2022/R69_Asia","2.3.4.4b",2,"environment","environment","environment - Asia","Asia","environment","Asia","EasternAsia",0.003,1,1,"minor","#CEC964","#99cca7","minor",0,0,0,"",1,0,"low"
"15_10_1_1_2_1_1_3","H5N1/2022/R31_NAmerica","2.3.4.4b",2,"Galliformes, Anseriformes","Galliformes, Anseriformes domestic","Galliformes - North America, Anseriformes domestic - North America","North America","Galliformes","North America","NorthernAmerica",0,1,2,"minor","#D1C95F","#33ccc9","minor",0,0,0,"",2,0,"low"
"15_1_1_1_1_1_1_1","H5N1/2022/R30_NAmerica","2.3.4.4b",2,"Galliformes","Galliformes","Galliformes - North America","North America","Galliformes","North America","NorthernAmerica",0,1,1,"minor","#D3CA5C","#99bbcc","minor",0,0,0,"",1,0,"low"
"15_1_1_1_2_1_1_1","H5N1/2022/R47_NAmerica","2.3.4.4b",2,"Anseriformes","Anseriformes wild","Anseriformes wild - North America","North America","Anseriformes wild","North America","NorthernAmerica",0.008,1,1,"minor","#D4CA5A","#6687cc","minor",0,0,0,"",1,0,"low"
"1_1_3_1_9_1_1_1","H5N1/2022/R8_Europe","2.3.4.4b",2,"Galliformes, Anseriformes","Galliformes, Anseriformes domestic","Galliformes - Europe, Anseriformes domestic - Europe","Europe","Galliformes","Europe","EasternEurope",0,1,2,"minor","#D9CA52","#af66cc","minor",0,0,0,"",2,0,"low"
"1_1_6_1_9_1_1_1","H5N1/2023/R8_Europe","2.3.4.4b",2,"Galliformes","Galliformes","Galliformes - Europe","Europe","Galliformes","Europe","SouthernEurope",0,1,1,"minor","#DACA50","#cc33c2","minor",0,0,0,"",1,0,"low"
"2_5_1_1_1_1_1_11","H5N1/2023/R27_NAmerica","2.3.4.4b",2,"Galliformes","Galliformes","Galliformes - North America","North America","Galliformes","North America","NorthernAmerica",0,1,1,"minor","#DDC845","#cc8d33","minor",0,0,0,"",1,0,"low"
"2_6_1_1_1_1_1_1","H5N1/2021/R10_Asia","2.3.4.4b",2,"Anseriformes","Anseriformes wild","Anseriformes wild - Asia","Asia","Anseriformes wild","Asia","EasternAsia",0,1,1,"minor","#DDC742","#ccc899","minor",0,0,0,"",1,0,"low"
"3_2_3_1_3_5_1_2","H5N5/2020/R2_Europe","2.3.4.4b",2,"Galliformes, Anseriformes","Galliformes, Anseriformes domestic","Galliformes - Europe, Anseriformes domestic - Europe","Europe","Galliformes","Europe","EasternEurope",0,1,2,"minor","#DEC336","#66cc87","minor",0,0,0,"",2,0,"low"
"6_4_20_1_2_1_1_1","H5N1/2022/R15_NAmerica","2.3.4.4b",2,"Accipitriformes","Avian other","Avian other - North America","North America","Avian other","North America","NorthernAmerica",0.014,1,1,"major","#DFC233","#33cc99","minor",0,0,0,"",1,0,"low"
"10_6_2_1_1_15_1_1","H5N2/2022/R3_Europe","2.3.4.4b",1,"Anseriformes","Anseriformes wild","Anseriformes wild - Europe","Europe","Anseriformes wild","Europe","WesternEurope",0,1,1,"minor","#E0BE27","#9b99cc","minor",0,0,0,"",1,0,"low"
"11_1_6_1_5_1_1_5","H5N1/2022/R65_Asia","2.3.4.4b",1,"Gruiformes","Avian other","Avian other - Asia","Asia","Avian other","Asia","EasternAsia",0,1,1,"minor","#E0BD24","#8f66cc","minor",0,0,0,"",1,0,"low"
"11_7_7_1_5_1_1_12","H5N1/2022/R66_Asia","2.3.4.4b",1,"Gruiformes","Avian other","Avian other - Asia","Asia","Avian other","Asia","EasternAsia",0,1,1,"minor","#E1BA1B","#cc669e","minor",0,0,0,"",1,0,"low"
"11_9_2_1_13_1_1_1","H5N1/2023/R22_Asia","2.3.4.4b",1,"environment","environment","environment - Asia","Asia","environment","Asia","EasternAsia",0,1,1,"minor","#E2B918","#cc3352","minor",0,0,0,"",1,0,"low"
"11_9_6_2_5_18_1_2","H5N2/2020/R3_Asia","2.3.4.4b",1,"Anseriformes","Anseriformes wild","Anseriformes wild - Asia","Asia","Anseriformes wild","Asia","EasternAsia",0,1,1,"minor","#E2B815","#cc5d33","minor",0,0,0,"",1,0,"low"
"13_1_4_1_18_1_1_4","H5N1/2023/R13_Europe","2.3.4.4b",1,"Falconiformes","Avian other","Avian other - Europe","Europe","Avian other","Europe","WesternEurope",0,1,1,"minor","#E2B712","#ccb899","minor",0,0,0,"",1,0,"low"
"14_1_12_1_6_1_1_1","H5N1/2021/R18_Asia","2.3.4.4b",1,"environment","environment","environment - Asia","Asia","environment","Asia","EasternAsia",0,1,1,"minor","#E3B60F","#ccc966","minor",0,0,0,"",1,0,"low"
"14_1_1_1_9_1_1_1","H5N1/2021/R13_Europe","2.3.4.4b",1,"Anseriformes","Anseriformes wild","Anseriformes wild - Europe","Europe","Anseriformes wild","Europe","WesternEurope",0,1,1,"minor","#E3B50F","#9bcc33","minor",0,0,0,"",1,0,"low"
"14_1_3_1_14_24_1_2","H5N5/2021/R3_Europe","2.3.4.4b",1,"Anseriformes","Anseriformes wild","Anseriformes wild - Europe","Europe","Anseriformes wild","Europe","EasternEurope",0,1,1,"minor","#E3B30E","#aacc99","minor",0,0,0,"",1,0,"low"
"16_17_10_1_8_6_1_8","H5N6/2021/R4_Asia","2.3.4.4b",1,"Anseriformes","Anseriformes domestic","Anseriformes domestic - Asia","Asia","Anseriformes domestic","Asia","EasternAsia",0,1,1,"minor","#E3B00D","#33cc69","minor",0,0,0,"",1,0,"low"
"18_6_2_1_14_1_1_1","H5N1/2023/R15_Europe","2.3.4.4b",1,"Accipitriformes","Avian other","Avian other - Europe","Europe","Avian other","Europe","WesternEurope",0,1,1,"minor","#E3AF0D","#99ccbc","minor",0,0,0,"",1,0,"low"
"19_8_11_1_8_6_1_9","H5N6/2022/R1_Asia","2.3.4.4b",1,"Galliformes","Galliformes","Galliformes - Asia","Asia","Galliformes","Asia","EasternAsia",0,1,1,"minor","#E4AD0C","#66c6cc","minor",0,0,0,"",1,0,"low"
"1_1_12_1_1_2_1_5","H5N8/2021/R7_Europe","2.3.4.4b",1,"Galliformes","Galliformes","Galliformes - Europe","Europe","Galliformes","Europe","WesternEurope",0,1,1,"minor","#E4AC0C","#338ecc","minor",0,0,0,"",1,0,"low"
"1_1_18_1_1_1_1_1","H5N1/2022/R1_Europe","2.3.4.4b",1,"Charadriiformes","Charadriiformes","Charadriiformes - Europe","Europe","Charadriiformes","Europe","WesternEurope",0,1,1,"minor","#E4AA0B","#99a5cc","minor",0,0,0,"",1,0,"low"
"1_1_1_1_5_1_1_5","H5N1/2022/R64_Asia","2.3.4.4b",1,"environment","environment","environment - Asia","Asia","environment","Asia","EasternAsia",0,1,1,"minor","#E4A90B","#6f66cc","minor",0,0,0,"",1,0,"low"
"1_1_2_1_10_1_1_5","H5N1/2021/R9_Europe","2.3.4.4b",1,"Anseriformes","Anseriformes wild","Anseriformes wild - Europe","Europe","Anseriformes wild","Europe","WesternEurope",0,1,1,"minor","#E4A70A","#7633cc","minor",0,0,0,"",1,0,"low"
"1_1_2_1_11_1_1_1","H5N1/2022/R20_Europe","2.3.4.4b",1,"Anseriformes","Anseriformes wild","Anseriformes wild - Europe","Europe","Anseriformes wild","Europe","WesternEurope",0,1,1,"minor","#E5A60A","#c199cc","minor",0,0,0,"",1,0,"low"
"1_1_2_1_1_1_1_17","H5N1/2021/R17_Europe","2.3.4.4b",1,"Anseriformes","Anseriformes wild","Anseriformes wild - Europe","Europe","Anseriformes wild","Europe","WesternEurope",0,1,1,"minor","#E5A409","#cc66be","minor",0,0,0,"",1,0,"low"
"1_1_3_1_1_1_1_1","H5N1/2022/R18_Europe","2.3.4.4b",1,"Anseriformes","Anseriformes domestic","Anseriformes domestic - Europe","Europe","Anseriformes domestic","Europe","WesternEurope",0,1,1,"minor","#E5A007","#cca899","minor",0,0,0,"",1,0,"low"
"1_1_6_1_10_27_1_2","H5N8/2021/R12_Europe","2.3.4.4b",1,"Charadriiformes","Charadriiformes","Charadriiformes - Europe","Europe","Charadriiformes","Europe","NorthernEurope",0,1,1,"minor","#E69E07","#cca966","minor",0,0,0,"",1,0,"low"
"1_1_6_1_1_1_1_1","H5N1/2022/R41_Asia","2.3.4.4b",1,"Anseriformes","Anseriformes wild","Anseriformes wild - Asia","Asia","Anseriformes wild","Asia","EasternAsia",0,1,1,"minor","#E69D06","#cbcc33","minor",0,0,0,"",1,0,"low"
"1_1_7_1_1_1_1_5","H5N1/2022/R61_Asia","2.3.4.4b",1,"Galliformes","Galliformes","Galliformes - Asia","Asia","Galliformes","Asia","EasternAsia",0,1,1,"minor","#E69B06","#bacc99","minor",0,0,0,"",1,0,"low"
"1_6_6_1_5_1_1_1","H5N1/2022/R43_Asia","2.3.4.4b",1,"Anseriformes","Anseriformes wild","Anseriformes wild - Asia","Asia","Anseriformes wild","Asia","EasternAsia",0,1,1,"minor","#E69A05","#84cc66","minor",0,0,0,"",1,0,"low"
"1_9_5_2_3_3_1_2","H5N8/2020/R6_Asia","2.3.4.4b",1,"Anseriformes","Anseriformes domestic","Anseriformes domestic - Asia","Asia","Anseriformes domestic","Asia","EasternAsia",0,1,1,"minor","#E79505","#66ccb1","minor",0,0,0,"",1,0,"low"
"20_9_13_1_5_1_1_1","H5N1/2022/R63_Asia","2.3.4.4b",1,"Galliformes","Galliformes","Galliformes - Asia","Asia","Galliformes","Asia","EasternAsia",0,1,1,"minor","#E89005","#4633cc","minor",0,0,0,"",1,0,"low"
"21_16_16_1_8_10_1_9","H5N6/2021/R5_Asia","2.3.4.4b",1,"Anseriformes","Anseriformes domestic","Anseriformes domestic - Asia","Asia","Anseriformes domestic","Asia","EasternAsia",0,1,1,"minor","#E88E05","#b199cc","minor",0,0,0,"",1,0,"low"
"24_1_1_1_1_1_1_1","H5N1/2021/R5_Europe","2.3.4.4b",1,"Anseriformes","Anseriformes wild","Anseriformes wild - Europe","Europe","Anseriformes wild","Europe","NorthernEurope",0,1,1,"minor","#E98B05","#cc33b2","minor",0,0,0,"",1,0,"low"
"25_1_1_1_1_1_1_1","H5N1/2021/R6_Europe","2.3.4.4b",1,"Passeriformes","Avian other","Avian other - Europe","Europe","Avian other","Europe","NorthernEurope",0,1,1,"minor","#E98A05","#cc99b1","minor",0,0,0,"",1,0,"low"
"26_18_24_1_17_10_1_16","H5N6/2021/R6_Asia","2.3.4.4b",1,"Galliformes","Galliformes","Galliformes - Asia","Asia","Galliformes","Asia","EasternAsia",0,1,1,"minor","#E98905","#cc6674","minor",0,0,0,"",1,0,"low"
"27_1_1_1_1_1_1_1","H5N1/2022/R14_NAmerica","2.3.4.4b",1,"Anseriformes","Anseriformes wild","Anseriformes wild - North America","North America","Anseriformes wild","North America","NorthernAmerica",0,1,1,"minor","#E98705","#cc8966","minor",0,0,0,"",1,0,"low"
"28_3_1_1_2_1_1_3","H5N1/2023/R3_NAmerica","2.3.4.4b",1,"Passeriformes","Avian other","Avian other - North America","North America","Avian other","North America","NorthernAmerica",0,1,1,"minor","#E98605","#cc9d33","minor",0,0,0,"",1,0,"low"
"2_1_12_1_1_1_1_1","H5N1/2023/R12_Asia","2.3.4.4b",1,"Galliformes","Galliformes","Galliformes - Asia","Asia","Galliformes","Asia","EasternAsia",0,1,1,"minor","#EA8405","#c9cc99","minor",0,0,0,"",1,0,"low"
"2_1_1_1_1_1_5_1","H5N1/2021/R16_Europe","2.3.4.4b",1,"Anseriformes","Anseriformes wild","Anseriformes wild - Europe","Europe","Anseriformes wild","Europe","SouthernEurope",0,1,1,"minor","#EA8305","#a4cc66","minor",0,0,0,"",1,0,"low"
"2_1_1_1_1_28_6_1","H5N2/2021/R1_Africa","2.3.4.4b",1,"Galliformes","Galliformes","Galliformes - Africa","Africa","Galliformes","Africa","WesternAfrica",0,1,1,"minor","#EA8105","#5bcc33","minor",0,0,0,"",1,0,"low"
"2_1_1_1_1_30_1_1","H5N5/2024/R1_Asia","2.3.4.4b",1,"Falconiformes","Avian other","Avian other - Asia","Asia","Avian other","Asia","EasternAsia",0,1,1,"minor","#EA8005","#99cc9d","minor",0,0,0,"",1,0,"low"
"2_1_1_1_5_1_1_18","H5N1/2022/R62_Asia","2.3.4.4b",1,"Galliformes","Galliformes","Galliformes - Asia","Asia","Galliformes","Asia","EasternAsia",0,1,1,"minor","#EB7E05","#66cc91","minor",0,0,0,"",1,0,"low"
"2_1_4_1_9_1_1_1","H5N1/2022/R17_Europe","2.3.4.4b",1,"Anseriformes","Anseriformes wild","Anseriformes wild - Europe","Europe","Anseriformes wild","Europe","WesternEurope",0,1,1,"minor","#EB7D05","#33cca9","minor",0,0,0,"",1,0,"low"
"2_4_1_1_1_1_1_1","H5N1/2022/R13_NAmerica","2.3.4.4b",1,"Pelecaniformes","Avian other","Avian other - North America","North America","Avian other","North America","NorthernAmerica",0,1,1,"minor","#EB7C05","#99c5cc","minor",0,0,0,"",1,0,"low"
"2_6_1_1_6_1_1_12","H5N1/2022/R67_Asia","2.3.4.4b",1,"Gruiformes","Avian other","Avian other - Asia","Asia","Avian other","Asia","EasternAsia",0,1,1,"minor","#EB7A05","#669ccc","minor",0,0,0,"",1,0,"low"
"2_6_1_1_9_1_1_1","H5N1/2022/R52_Europe","2.3.4.4b",1,"Anseriformes","Anseriformes wild","Anseriformes wild - Europe","Europe","Anseriformes wild","Europe","EasternEurope",0,1,1,"minor","#EC7704","#a199cc","minor",0,0,0,"",1,0,"low"
"2_6_1_4_6_1_1_1","H5N1/2023/R14_Asia","2.3.4.4b",1,"Anseriformes","Anseriformes domestic","Anseriformes domestic - Asia","Asia","Anseriformes domestic","Asia","SouthEasternAsia",0,1,1,"minor","#EC7504","#9966cc","minor",0,0,0,"",1,0,"low"
"3_14_3_1_3_2_1_2","H5N8/2021/R8_Asia","2.3.4.4b",1,"Anseriformes","Anseriformes domestic","Anseriformes domestic - Asia","Asia","Anseriformes domestic","Asia","EasternAsia",0,1,1,"minor","#EC7004","#cc6693","minor",0,0,0,"",1,0,"low"
"3_15_3_1_11_7_1_8","H5N6/2021/R3_Asia","2.3.4.4b",1,"Mammal","Mammal","Mammal - Asia","Asia","Mammal","Asia","EasternAsia",0,1,1,"minor","#EC6E04","#cc3342","minor",0,0,0,"",1,1,"middle"
"3_19_3_1_3_9_1_9","H5N6/2021/R10_Asia","2.3.4.4b",1,"Anseriformes","Anseriformes domestic","Anseriformes domestic - Asia","Asia","Anseriformes domestic","Asia","EasternAsia",0,1,1,"minor","#ED6D04","#dcdcdc","minor",0,0,0,"",1,0,"low"
"3_1_12_1_3_2_1_2","H5N8/2021/R6_Europe","2.3.4.4b",1,"Galliformes","Galliformes","Galliformes - Europe","Europe","Galliformes","Europe","WesternEurope",0,1,1,"minor","#ED6B04","#C8C96D","minor",0,0,0,"",1,0,"low"
"3_1_2_1_11_1_1_2","H5N1/2020/R2_Europe","2.3.4.4b",1,"Charadriiformes","Charadriiformes","Charadriiformes - Europe","Europe","Charadriiformes","Europe","WesternEurope",0,1,1,"minor","#ED6904","#CAC96B","minor",0,0,0,"",1,0,"low"
"3_1_3_1_9_2_1_2","H5N8/2022/R2_Asia","2.3.4.4b",1,"Anseriformes","Anseriformes wild","Anseriformes wild - Asia","Asia","Anseriformes wild","Asia","EasternAsia",0,1,1,"minor","#ED6803","#CBC968","minor",0,0,0,"",1,0,"low"
"3_2_1_1_3_2_1_2","H5N8/2020/R9_Europe","2.3.4.4b",1,"Anseriformes","Anseriformes wild","Anseriformes wild - Europe","Europe","Anseriformes wild","Europe","EasternEurope",0,1,1,"minor","#ED6603","#CDC966","minor",0,0,0,"",1,0,"low"
"3_2_2_1_1_2_1_2","H5N8/2021/R5_Europe","2.3.4.4b",1,"Strigiformes","Avian other","Avian other - Europe","Europe","Avian other","Europe","NorthernEurope",0,1,1,"minor","#ED6403","#CEC964","minor",0,0,0,"",1,0,"low"
"3_2_3_1_16_2_1_2","H5N8/2021/R9_Asia","2.3.4.4b",1,"Anseriformes","Anseriformes domestic","Anseriformes domestic - Asia","Asia","Anseriformes domestic","Asia","EasternAsia",0,1,1,"minor","#ED6303","#D0C961","minor",0,0,0,"",1,0,"low"
"3_2_3_1_3_10_1_9","H5N6/2021/R11_Asia","2.3.4.4b",1,"Anseriformes","Anseriformes domestic","Anseriformes domestic - Asia","Asia","Anseriformes domestic","Asia","EasternAsia",0,1,1,"minor","#EE6103","#D1C95F","minor",0,0,0,"",1,0,"low"
"3_2_3_1_3_25_1_2","H5N3/2020/R1_Asia","2.3.4.4b",1,"Anseriformes","Anseriformes wild","Anseriformes wild - Asia","Asia","Anseriformes wild","Asia","WesternAsia",0,1,1,"minor","#EE5E03","#D4CA5A","minor",0,0,0,"",1,0,"low"
"3_2_3_1_3_2_1_12","H5N8/2022/R1_Asia","2.3.4.4b",1,"environment","environment","environment - Asia","Asia","environment","Asia","EasternAsia",0,1,1,"minor","#EE5C03","#D6CA57","minor",0,0,0,"",1,0,"low"
"3_2_3_2_3_3_1_2","H5N8/2020/R3_Europe","2.3.4.4b",1,"Anseriformes","Anseriformes domestic","Anseriformes domestic - Europe","Europe","Anseriformes domestic","Europe","EasternEurope",0,1,1,"minor","#EE5703","#DACA50","minor",0,0,0,"",1,0,"low"
"3_6_3_1_12_12_1_1","H5N2/2022/R4_Asia","2.3.4.4b",1,"Anseriformes","Anseriformes domestic","Anseriformes domestic - Asia","Asia","Anseriformes domestic","Asia","EasternAsia",0,1,1,"minor","#EF5402","#DCCB4E","minor",0,0,0,"",1,0,"low"
"3_9_6_1_5_23_1_2","H5N2/2020/R2_Europe","2.3.4.4b",1,"Anseriformes","Anseriformes wild","Anseriformes wild - Europe","Europe","Anseriformes wild","Europe","EasternEurope",0,1,1,"minor","#EF5102","#DCCA4B","minor",0,0,0,"",1,0,"low"
"4_10_1_1_2_1_1_3","H5N1/2022/R37_NAmerica","2.3.4.4b",1,"Anseriformes","Anseriformes wild","Anseriformes wild - North America","North America","Anseriformes wild","North America","NorthernAmerica",0,1,1,"minor","#EF4E02","#DCC948","minor",0,0,0,"",1,0,"low"
"4_11_1_1_7_26_1_1","H5N4/2022/R1_NAmerica","2.3.4.4b",1,"Galliformes","Galliformes","Galliformes - North America","North America","Galliformes","North America","NorthernAmerica",0,1,1,"minor","#EF4C02","#DDC845","minor",0,0,0,"",1,0,"low"
"4_1_1_1_2_1_1_3","H5N1/2022/R44_NAmerica","2.3.4.4b",1,"unknown avian","Avian other","Avian other - North America","North America","Avian other","North America","NorthernAmerica",0,1,1,"minor","#EF4902","#DDC742","minor",0,0,0,"",1,0,"low"
"4_3_1_1_7_1_1_3","H5N1/2022/R33_NAmerica","2.3.4.4b",1,"Passeriformes","Avian other","Avian other - North America","North America","Avian other","North America","NorthernAmerica",0,1,1,"minor","#EF4602","#DDC63F","minor",0,0,0,"",1,0,"low"
"4_3_8_1_2_1_1_1","H5N1/2023/R23_NAmerica","2.3.4.4b",1,"Strigiformes","Avian other","Avian other - North America","North America","Avian other","North America","NorthernAmerica",0,1,1,"minor","#EF4302","#DEC53C","minor",0,0,0,"",1,0,"low"
"4_4_1_1_2_1_1_1","H5N1/2022/R34_NAmerica","2.3.4.4b",1,"Anseriformes","Anseriformes wild","Anseriformes wild - North America","North America","Anseriformes wild","North America","NorthernAmerica",0,1,1,"minor","#EF4001","#DEC439","minor",0,0,0,"",1,0,"low"
"5_1_1_1_1_1_1_1","H5N1/2022/R45_NAmerica","2.3.4.4b",1,"Anseriformes","Anseriformes wild","Anseriformes wild - North America","North America","Anseriformes wild","North America","NorthernAmerica",0,1,1,"minor","#EF3D01","#DEC336","minor",0,0,0,"",1,0,"low"
"5_3_1_1_2_1_1_3","H5N1/2022/R38_NAmerica","2.3.4.4b",1,"Anseriformes","Anseriformes wild","Anseriformes wild - North America","North America","Anseriformes wild","North America","NorthernAmerica",0,1,1,"minor","#EF3A01","#DFC233","minor",0,0,0,"",1,0,"low"
"5_4_9_1_2_29_1_1","H5N6/2023/R1_NAmerica","2.3.4.4b",1,"Accipitriformes","Avian other","Avian other - North America","North America","Avian other","North America","NorthernAmerica",0,1,1,"minor","#F03701","#DFC130","minor",0,0,0,"",1,0,"low"
"6_1_8_1_2_1_1_1","H5N1/2022/R46_NAmerica","2.3.4.4b",1,"Anseriformes","Anseriformes wild","Anseriformes wild - North America","North America","Anseriformes wild","North America","NorthernAmerica",0,1,1,"minor","#F03401","#DFC02D","minor",0,0,0,"",1,0,"low"
"7_1_5_2_1_3_1_1","H5N8/2021/R3_Asia","2.3.4.4b",1,"Anseriformes","Anseriformes wild","Anseriformes wild - Asia","Asia","Anseriformes wild","Asia","EasternAsia",0,1,1,"minor","#F03201","#E0BF2A","minor",0,0,0,"",1,0,"low"
"7_1_5_3_1_3_1_2","H5N8/2021/R4_Asia","2.3.4.4b",1,"Falconiformes","Avian other","Avian other - Asia","Asia","Avian other","Asia","EasternAsia",0,1,1,"minor","#F02F01","#E0BE27","minor",0,0,0,"",1,0,"low"
"7_2_5_2_13_3_1_2","H5N8/2019/R4_Africa","2.3.4.4b",1,"Galliformes","Galliformes","Galliformes - Africa","Africa","Galliformes","Africa","WesternAfrica",0,1,1,"minor","#F02C00","#E0BD24","minor",0,0,0,"",1,0,"low"
"8_5_1_1_1_1_1_3","H5N1/2023/R24_NAmerica","2.3.4.4b",1,"Passeriformes","Avian other","Avian other - North America","North America","Avian other","North America","NorthernAmerica",0,1,1,"minor","#F02600","#E1BB1E","minor",0,0,0,"",1,0,"low"
"9_1_1_1_5_1_1_5","H5N1/2022/R68_Asia","2.3.4.4b",1,"Gruiformes","Avian other","Avian other - Asia","Asia","Avian other","Asia","EasternAsia",0,1,1,"minor","#F02000","#E2B918","minor",0,0,0,"",1,0,"low"
