,cluster_profile,profile_lab,clade,Num_Sequence,Range_of_Host,Range_of_HostType,Host_Range_Per_Continent,Continent_of_Earliest_Date,Host_of_Earliest_Sample_Date,Range_of_Continent,Length_Between_First_Last_Sample,number_Conti,number_hostType,group,colour
1,10_1_13_1_1_1_1_1,H5N1/2022/R15_Europe,2.3.4.4b,23,"wild-Anseriformes, wild-Charadriiformes, domestic-Anseriformes, domestic-Galliformes, wild-Sphenisciformes, wild-Gruiformes","wild-ave, domestic-ave","wild-Anseriformes - Europe, wild-Charadriiformes - Europe, domestic-Anseriformes - Europe, domestic-Galliformes - Europe, wild-Sphenisciformes - Europe, wild-Gruiformes - Europe",Europe,wild-Anseriformes,Europe,0.236000000000104,1,2,major,#cc6966
2,10_1_1_1_1_1_1_1,H5N1/2021/R3_Europe,2.3.4.4b,11,"wild-Accipitriformes, domestic-Galliformes, wild-Anseriformes, wild-Strigiformes, wild-Mammal","wild-ave, domestic-ave, mammal","wild-Accipitriformes - Europe, domestic-Galliformes - Europe, wild-Anseriformes - Europe, wild-Strigiformes - Europe, wild-Mammal - Europe",Europe,domestic-Galliformes,Europe,0.632945000000063,1,3,major,#cc6d33
3,10_1_1_1_1_1_1_7,H5N1/2021/R7_Europe,2.3.4.4b,36,"domestic-Galliformes, domestic-Anseriformes, wild-Pelecaniformes, wild-Anseriformes, wild-Accipitriformes","domestic-ave, wild-ave","domestic-Galliformes - Europe, domestic-Anseriformes - Europe, wild-Pelecaniformes - Europe, wild-Anseriformes - Europe, wild-Accipitriformes - Europe",Europe,domestic-Galliformes,Europe,1.30100000000016,1,2,major,#ccbe99
4,10_1_1_1_22_1_1_1,NA,2.3.4.4b,1,wild-Anseriformes,wild-ave,wild-Anseriformes - Europe,Europe,wild-Anseriformes,Europe,0,1,1,minor,#c4cc66
5,10_29_57_33_31_56_20_36,NA,EA_nonGsGD,1,domestic-Galliformes,domestic-ave,domestic-Galliformes - Europe,Europe,domestic-Galliformes,Europe,0,1,1,minor,#dcdcdc
6,10_37_3_1_36_65_1_2,NA,2.3.4.4b,1,wild-Anseriformes,wild-ave,wild-Anseriformes - Europe,Europe,wild-Anseriformes,Europe,0,1,1,minor,#8bcc33
7,11_6_7_3_4_5_2_5,H5N6/2020/R1_Asia,2.3.4.4h,51,"wild-Anseriformes, NA-environment, domestic-Anseriformes","wild-ave, other, domestic-ave","wild-Anseriformes - Asia, NA-environment - Asia, domestic-Anseriformes - Asia",Asia,wild-Anseriformes,Asia,0.363851999999952,1,3,major,#f0ffff
8,12_3_1_1_2_1_1_4,H5N1/2023/R1_NAmerica,2.3.4.4b,32,"wild-Accipitriformes, wild-Passeriformes, wild-Anseriformes, wild-Falconiformes, wild-Strigiformes",wild-ave,"wild-Accipitriformes - North America, wild-Passeriformes - North America, wild-Anseriformes - North America, wild-Falconiformes - North America, wild-Strigiformes - North America",North America,wild-Accipitriformes,North America,0.276000000000067,1,1,major,#a4cc99
9,13_19_38_20_1_30_3_6,NA,2.3.2.1a,3,"domestic-Anseriformes, domestic-Galliformes",domestic-ave,"domestic-Anseriformes - Asia, domestic-Galliformes - Asia",Asia,domestic-Anseriformes,Asia,0,1,1,major,#fffff0
10,13_5_10_7_1_13_29_6,NA,2.3.2.1a,1,domestic-Anseriformes,domestic-ave,domestic-Anseriformes - Asia,Asia,domestic-Anseriformes,Asia,0,1,1,minor,#fffff0
11,13_5_10_7_1_13_3_6,NA,2.3.2.1a,1,domestic-Anseriformes,domestic-ave,domestic-Anseriformes - Asia,Asia,domestic-Anseriformes,Asia,0,1,1,minor,#fffff0
12,13_5_10_7_1_13_7_47,NA,2.3.2.1a,1,domestic-Anseriformes,domestic-ave,domestic-Anseriformes - Asia,Asia,domestic-Anseriformes,Asia,0,1,1,minor,#fffff0
13,13_5_10_7_1_13_7_6,H5N1/2020/R4_Asia,2.3.2.1a,12,"domestic-Anseriformes, domestic-Galliformes",domestic-ave,"domestic-Anseriformes - Asia, domestic-Galliformes - Asia",Asia,domestic-Anseriformes,Asia,1.36899999999991,1,1,major,#fffff0
14,13_5_24_15_1_21_8_19,H5N1/2020/R3_Asia,2.3.2.1a,7,"domestic-Galliformes, domestic-Anseriformes",domestic-ave,"domestic-Galliformes - Asia, domestic-Anseriformes - Asia",Asia,domestic-Anseriformes,Asia,0.905999999999949,1,1,major,#fffff0
15,13_5_36_7_1_39_3_6,NA,2.3.2.1a,3,domestic-Anseriformes,domestic-ave,domestic-Anseriformes - Asia,Asia,domestic-Anseriformes,Asia,0,1,1,major,#fffff0
16,13_5_61_18_1_27_8_6,NA,2.3.2.1a,1,domestic-Anseriformes,domestic-ave,domestic-Anseriformes - Asia,Asia,domestic-Anseriformes,Asia,0,1,1,minor,#fffff0
17,13_5_75_7_1_13_7_6,NA,2.3.2.1a,1,domestic-Anseriformes,domestic-ave,domestic-Anseriformes - Asia,Asia,domestic-Anseriformes,Asia,0,1,1,minor,#fffff0
18,14_48_76_46_1_30_3_6,NA,2.3.2.1a,1,domestic-Anseriformes,domestic-ave,domestic-Anseriformes - Asia,Asia,domestic-Anseriformes,Asia,0,1,1,minor,#fffff0
19,14_5_10_5_1_75_3_6,NA,2.3.2.1a,1,domestic-Anseriformes,domestic-ave,domestic-Anseriformes - Asia,Asia,domestic-Anseriformes,Asia,0,1,1,minor,#fffff0
20,14_5_10_5_1_9_3_6,H5N1/2021/R1_Asia,2.3.2.1a,22,"domestic-Anseriformes, domestic-Galliformes",domestic-ave,"domestic-Anseriformes - Asia, domestic-Galliformes - Asia",Asia,domestic-Anseriformes,Asia,0.942000000000007,1,1,major,#fffff0
21,14_5_85_5_1_85_3_6,NA,2.3.2.1a,1,domestic-Anseriformes,domestic-ave,domestic-Anseriformes - Asia,Asia,domestic-Anseriformes,Asia,0,1,1,minor,#fffff0
22,15_10_7_8_9_10_6_9,H5N6/2020/R7_Asia,2.3.4.4h,16,domestic-Anseriformes,domestic-ave,domestic-Anseriformes - Asia,Asia,domestic-Anseriformes,Asia,0.380000000000109,1,1,major,#f0ffff
23,16_8_20_9_4_15_2_13,H5N6/2020/R3_Asia,2.3.4.4h,11,"domestic-Anseriformes, domestic-Galliformes",domestic-ave,"domestic-Anseriformes - Asia, domestic-Galliformes - Asia",Asia,domestic-Anseriformes,Asia,0.678000000000111,1,1,major,#f0ffff
24,16_8_42_9_4_15_2_27,NA,2.3.4.4h,2,"domestic-Anseriformes, domestic-Galliformes",domestic-ave,"domestic-Anseriformes - Asia, domestic-Galliformes - Asia",Asia,domestic-Anseriformes,Asia,0.0140000000001237,1,1,minor,#f0ffff
25,16_8_56_9_4_15_2_35,NA,2.3.4.4h,1,domestic-Anseriformes,domestic-ave,domestic-Anseriformes - Asia,Asia,domestic-Anseriformes,Asia,0,1,1,minor,#f0ffff
26,17_11_17_10_10_17_5_16,H5N1/2020/R1_Asia,2.3.2.1c,10,domestic-Anseriformes,domestic-ave,domestic-Anseriformes - Asia,Asia,domestic-Anseriformes,Asia,0,1,1,major,#f0fff0
27,17_11_17_16_10_28_5_24,NA,2.3.2.1c,4,domestic-Anseriformes,domestic-ave,domestic-Anseriformes - Asia,Asia,domestic-Anseriformes,Asia,0,1,1,major,#f0fff0
28,18_12_18_1_4_12_1_11,H5N6/2021/R1_Asia,2.3.4.4b,11,"domestic-Anseriformes, wild-Mammal, domestic-Galliformes","domestic-ave, mammal","domestic-Anseriformes - Asia, wild-Mammal - Asia, domestic-Galliformes - Asia",Asia,domestic-Anseriformes,Asia,0.551067999999987,1,2,major,#66cc71
29,18_12_18_1_4_60_1_11,NA,2.3.4.4b,1,domestic-Galliformes,domestic-ave,domestic-Galliformes - Asia,Asia,domestic-Galliformes,Asia,0,1,1,minor,#33cc79
30,18_40_18_1_4_12_1_11,NA,2.3.4.4b,1,domestic-Anseriformes,domestic-ave,domestic-Anseriformes - Asia,Asia,domestic-Anseriformes,Asia,0,1,1,minor,#99ccc2
31,18_41_18_1_4_12_1_11,NA,2.3.4.4b,1,domestic-Anseriformes,domestic-ave,domestic-Anseriformes - Asia,Asia,domestic-Anseriformes,Asia,0,1,1,minor,#66bccc
32,19_9_14_6_8_11_4_12,H5N6/2020/R6_Asia,2.3.4.4g,14,domestic-Anseriformes,domestic-ave,domestic-Anseriformes - Asia,Asia,domestic-Anseriformes,Asia,0,1,1,major,#fffaf0
33,1_16_5_2_1_3_1_2,NA,2.3.4.4b,1,domestic-Anseriformes,domestic-ave,domestic-Anseriformes - Asia,Asia,domestic-Anseriformes,Asia,0,1,1,minor,#337fcc
34,1_17_22_1_6_1_1_1,NA,2.3.4.4b,1,wild-Anseriformes,wild-ave,wild-Anseriformes - Asia,Asia,wild-Anseriformes,Asia,0,1,1,minor,#99a0cc
35,1_17_22_1_6_1_1_21,NA,2.3.4.4b,4,"wild-Anseriformes, wild-unknown avian",wild-ave,"wild-Anseriformes - Asia, wild-unknown avian - Asia",Asia,wild-unknown avian,Asia,0.02800000000002,1,1,major,#7a66cc
36,1_1_12_1_1_1_1_1,NA,2.3.4.4b,1,wild-Anseriformes,wild-ave,wild-Anseriformes - Asia,Asia,wild-Anseriformes,Asia,0,1,1,minor,#8633cc
37,1_1_12_1_6_2_1_17,H5N8/2021/R2_Asia,2.3.4.4b,8,domestic-Anseriformes,domestic-ave,domestic-Anseriformes - Asia,Asia,domestic-Anseriformes,Asia,0.166999999999916,1,1,major,#c699cc
38,1_1_13_1_1_1_1_1,NA,2.3.4.4b,1,domestic-Anseriformes,domestic-ave,domestic-Anseriformes - Europe,Europe,domestic-Anseriformes,Europe,0,1,1,minor,#cc66b3
39,1_1_15_1_6_1_1_53,NA,2.3.4.4b,1,wild-Anseriformes,wild-ave,wild-Anseriformes - Asia,Asia,wild-Anseriformes,Asia,0,1,1,minor,#cc3372
40,1_1_15_2_1_3_1_14,H5N8/2020/R4_Asia,2.3.4.4b,10,"domestic-Anseriformes, domestic-Galliformes, wild-unknown avian","domestic-ave, wild-ave","domestic-Anseriformes - Asia, domestic-Galliformes - Asia, wild-unknown avian - Asia",Asia,wild-unknown avian,Asia,0.0710000000001401,1,2,major,#cc999c
41,1_1_15_2_1_3_1_2,H5N8/2020/R5_Asia,2.3.4.4b,8,"wild-Accipitriformes, domestic-Galliformes, wild-Anseriformes, domestic-Anseriformes","wild-ave, domestic-ave","wild-Accipitriformes - Asia, domestic-Galliformes - Asia, wild-Anseriformes - Asia, domestic-Anseriformes - Asia",Asia,domestic-Anseriformes,Asia,0.204999999999927,1,2,major,#cc3d33
42,1_1_19_1_7_14_1_1,H5N3/2020/R1_Europe,2.3.4.4b,13,"wild-Charadriiformes, wild-Accipitriformes, wild-Falconiformes",wild-ave,"wild-Charadriiformes - Europe, wild-Accipitriformes - Europe, wild-Falconiformes - Europe",Europe,wild-Charadriiformes,Europe,0.191000000000031,1,1,major,#ccae99
43,1_1_1_1_1_1_1_1,H5N1/2021/R5_Europe,2.3.4.4b,79,"wild-Anseriformes, wild-Charadriiformes, domestic-Anseriformes, wild-Ciconiiformes, wild-Mammal, domestic-Galliformes, wild-Podicipediformes, wild-Galliformes, wild-Suliformes","wild-ave, domestic-ave, mammal","wild-Anseriformes - Europe, wild-Anseriformes - Asia, wild-Charadriiformes - Europe, domestic-Anseriformes - Asia, wild-Ciconiiformes - Europe, wild-Mammal - Asia, domestic-Galliformes - Asia, wild-Charadriiformes - Asia, wild-Podicipediformes - Asia, wild-Galliformes - Asia, wild-Suliformes - Asia",Europe,wild-Anseriformes,"Europe, Asia",1.32899999999995,2,3,dominant,#ccb366
44,1_1_1_1_45_1_1_1,NA,2.3.4.4b,1,wild-Anseriformes,wild-ave,wild-Anseriformes - Asia,Asia,wild-Anseriformes,Asia,0,1,1,minor,#bbcc33
45,1_1_1_1_46_1_1_1,NA,2.3.4.4b,1,wild-Anseriformes,wild-ave,wild-Anseriformes - Asia,Asia,wild-Anseriformes,Asia,0,1,1,minor,#b4cc99
46,1_1_2_19_1_37_12_15,NA,EA_nonGsGD,3,domestic-Anseriformes,domestic-ave,domestic-Anseriformes - Europe,Europe,domestic-Anseriformes,Europe,0,1,1,major,#dcdcdc
47,1_1_2_1_12_1_1_1,NA,2.3.4.4b,1,domestic-Galliformes,domestic-ave,domestic-Galliformes - Europe,Europe,domestic-Galliformes,Europe,0,1,1,minor,#7acc66
48,1_1_2_1_1_19_1_15,NA,2.3.4.4b,4,"wild-Charadriiformes, wild-Falconiformes",wild-ave,"wild-Charadriiformes - Europe, wild-Falconiformes - Europe",Europe,wild-Charadriiformes,Europe,0.0879999999999654,1,1,major,#33cc49
49,1_1_2_1_1_1_1_1,H5N1/2021/R2_Europe,2.3.4.4b,984,"domestic-Galliformes, wild-Anseriformes, wild-Charadriiformes, wild-Pelecaniformes, wild-Passeriformes, domestic-Anseriformes, wild-Mammal, wild-Falconiformes, wild-Ciconiiformes, wild-Accipitriformes, wild-Suliformes, wild-Gruiformes, wild-unknown avian, wild-Rheiformes, wild-Strigiformes, wild-Podicipediformes, domestic-Pelecaniformes, wild-Galliformes, domestic-Strigiformes, NA-environment, wild-Phoenicopteriformes, domestic-Mammal","domestic-ave, wild-ave, mammal, other","domestic-Galliformes - Europe, wild-Anseriformes - Europe, wild-Charadriiformes - Europe, wild-Pelecaniformes - Europe, wild-Passeriformes - Europe, domestic-Anseriformes - Europe, wild-Mammal - Europe, wild-Falconiformes - Europe, wild-Ciconiiformes - Europe, wild-Accipitriformes - Europe, wild-Suliformes - Europe, wild-Gruiformes - Europe, wild-unknown avian - Europe, wild-Rheiformes - Europe, domestic-Anseriformes - Africa, wild-Strigiformes - Europe, wild-Podicipediformes - Europe, domestic-Pelecaniformes - Europe, wild-Galliformes - Europe, domestic-Strigiformes - Europe, NA-environment - Europe, wild-Phoenicopteriformes - Europe, domestic-Mammal - Europe",Europe,domestic-Galliformes,"Europe, Africa",1.62800000000016,2,4,dominant,#99ccb2
50,1_1_2_1_1_1_1_10,H5N1/2022/R14_Europe,2.3.4.4b,27,"domestic-Galliformes, domestic-Anseriformes",domestic-ave,"domestic-Galliformes - Europe, domestic-Anseriformes - Europe",Europe,domestic-Galliformes,Europe,0.153999999999996,1,1,major,#66ccbc
51,1_1_2_1_1_1_1_45,NA,2.3.4.4b,1,domestic-Galliformes,domestic-ave,domestic-Galliformes - Europe,Europe,domestic-Galliformes,Europe,0,1,1,minor,#33aecc
52,1_1_2_1_1_1_1_57,NA,2.3.4.4b,1,wild-Anseriformes,wild-ave,wild-Anseriformes - Europe,Europe,wild-Anseriformes,Europe,0,1,1,minor,#99b0cc
53,1_1_2_1_1_93_1_1,NA,2.3.4.4b,1,domestic-Galliformes,domestic-ave,domestic-Galliformes - Europe,Europe,domestic-Galliformes,Europe,0,1,1,minor,#6671cc
54,1_1_2_1_22_1_1_7,NA,2.3.4.4b,1,wild-Anseriformes,wild-ave,wild-Anseriformes - Europe,Europe,wild-Anseriformes,Europe,0,1,1,minor,#5633cc
55,1_1_2_1_27_1_1_14,NA,2.3.4.4b,1,wild-Anseriformes,wild-ave,wild-Anseriformes - Europe,Europe,wild-Anseriformes,Europe,0,1,1,minor,#b699cc
56,1_1_2_1_28_1_1_1,NA,2.3.4.4b,1,wild-Anseriformes,wild-ave,wild-Anseriformes - Europe,Europe,wild-Anseriformes,Europe,0,1,1,minor,#c466cc
57,1_1_2_1_5_1_1_1,H5N1/2022/R18_Europe,2.3.4.4b,73,"domestic-Galliformes, wild-Anseriformes, domestic-Anseriformes, wild-Accipitriformes, wild-Strigiformes, wild-Pelecaniformes, wild-Ciconiiformes, wild-Passeriformes, wild-Mammal, wild-Charadriiformes, domestic-Mammal","domestic-ave, wild-ave, mammal","domestic-Galliformes - Europe, wild-Anseriformes - Europe, domestic-Anseriformes - Europe, wild-Accipitriformes - Europe, wild-Strigiformes - Europe, wild-Pelecaniformes - Europe, wild-Ciconiiformes - Europe, wild-Passeriformes - Europe, wild-Mammal - Europe, wild-Charadriiformes - Europe, domestic-Mammal - Europe",Europe,domestic-Galliformes,Europe,0.528999999999996,1,3,major,#cc33a2
58,1_1_32_1_1_19_1_15,NA,2.3.4.4b,3,"wild-Charadriiformes, wild-Falconiformes",wild-ave,"wild-Charadriiformes - Europe, wild-Falconiformes - Europe",Europe,wild-Charadriiformes,Europe,0.0570000000000164,1,1,major,#cc99ac
59,1_1_35_47_1_43_17_46,NA,EA_nonGsGD,1,wild-Anseriformes,wild-ave,wild-Anseriformes - Europe,Europe,wild-Anseriformes,Europe,0,1,1,minor,#dcdcdc
60,1_1_41_12_24_42_11_7,NA,2.3.4.4b,2,domestic-Galliformes,domestic-ave,domestic-Galliformes - Europe,Europe,domestic-Galliformes,Europe,0.02800000000002,1,1,minor,#cc6669
61,1_1_47_1_12_1_1_1,NA,2.3.4.4b,2,"domestic-Galliformes, domestic-Anseriformes",domestic-ave,"domestic-Galliformes - Europe, domestic-Anseriformes - Europe",Europe,domestic-Galliformes,Europe,0,1,1,minor,#cc9e99
62,1_1_4_1_3_1_1_3,H5N1/2022/R12_Europe,2.3.4.4b,396,"wild-Charadriiformes, domestic-Galliformes, wild-Mammal, wild-Falconiformes, wild-Accipitriformes, wild-Passeriformes, domestic-Charadriiformes, wild-Anseriformes, domestic-Anseriformes, wild-Pelecaniformes","wild-ave, domestic-ave, mammal","wild-Charadriiformes - Europe, domestic-Galliformes - Europe, wild-Mammal - Europe, wild-Falconiformes - Europe, wild-Accipitriformes - Europe, wild-Passeriformes - Europe, domestic-Charadriiformes - Europe, wild-Anseriformes - Europe, domestic-Anseriformes - Europe, wild-Pelecaniformes - Europe",Europe,wild-Charadriiformes,Europe,1.08500000000004,1,3,major,#cc9366
63,1_1_4_1_3_1_1_56,NA,2.3.4.4b,1,wild-Charadriiformes,wild-ave,wild-Charadriiformes - Europe,Europe,wild-Charadriiformes,Europe,0,1,1,minor,#ccad33
64,1_1_66_38_12_14_15_1,NA,EA_nonGsGD,1,wild-Anseriformes,wild-ave,wild-Anseriformes - Europe,Europe,wild-Anseriformes,Europe,0,1,1,minor,#dcdcdc
65,1_1_74_44_1_73_1_43,NA,EA_nonGsGD,1,domestic-Anseriformes,domestic-ave,domestic-Anseriformes - Asia,Asia,domestic-Anseriformes,Asia,0,1,1,minor,#dcdcdc
66,1_1_81_1_7_83_1_2,NA,2.3.4.4b,1,wild-Charadriiformes,wild-ave,wild-Charadriiformes - Europe,Europe,wild-Charadriiformes,Europe,0,1,1,minor,#c4cc99
67,1_1_82_1_1_1_1_1,NA,2.3.4.4b,1,wild-Charadriiformes,wild-ave,wild-Charadriiformes - Europe,Europe,wild-Charadriiformes,Europe,0,1,1,minor,#99cc66
68,1_1_88_53_12_14_15_1,NA,EA_nonGsGD,1,domestic-Galliformes,domestic-ave,domestic-Galliformes - Europe,Europe,domestic-Galliformes,Europe,0,1,1,minor,#dcdcdc
69,1_1_94_1_3_1_1_3,NA,2.3.4.4b,1,wild-Mammal,mammal,wild-Mammal - Europe,Europe,wild-Mammal,Europe,0,1,1,minor,#4bcc33
70,1_2_2_1_30_7_1_2,NA,2.3.4.4b,1,wild-Falconiformes,wild-ave,wild-Falconiformes - Europe,Europe,wild-Falconiformes,Europe,0,1,1,minor,#99cca2
71,1_35_65_13_35_64_25_20,NA,Am_nonGsGD,1,wild-Anseriformes,wild-ave,wild-Anseriformes - North America,North America,wild-Anseriformes,North America,0,1,1,minor,#d3d3d3
72,1_54_2_1_1_1_1_1,NA,2.3.4.4b,1,domestic-Galliformes,domestic-ave,domestic-Galliformes - Europe,Europe,domestic-Galliformes,Europe,0,1,1,minor,#ffe4b5
73,1_7_11_48_4_6_2_5,NA,2.3.4.4h,1,domestic-Galliformes,domestic-ave,domestic-Galliformes - Asia,Asia,domestic-Galliformes,Asia,0,1,1,minor,#f0ffff
74,1_7_11_4_4_6_2_5,H5N6/2020/R4_Asia,2.3.4.4h,31,"domestic-Anseriformes, domestic-Galliformes",domestic-ave,"domestic-Anseriformes - Asia, domestic-Galliformes - Asia",Asia,domestic-Anseriformes,Asia,1.05799999999999,1,1,major,#f0ffff
75,20_13_27_1_11_24_1_9,H5N6/2021/R2_Asia,2.3.4.4b,6,"wild-Mammal, NA-environment, domestic-Anseriformes, domestic-Galliformes","mammal, other, domestic-ave","wild-Mammal - Asia, NA-environment - Asia, domestic-Anseriformes - Asia, domestic-Galliformes - Asia",Asia,domestic-Anseriformes,Asia,0.0539999999998599,1,3,major,#66cc9c
76,20_13_49_1_11_38_1_9,NA,2.3.4.4b,2,NA-environment,other,NA-environment - Asia,Asia,NA-environment,Asia,0,1,1,minor,#33ccb9
77,20_13_50_1_11_10_1_9,NA,2.3.4.4b,1,domestic-Anseriformes,domestic-ave,domestic-Anseriformes - Asia,Asia,domestic-Anseriformes,Asia,0,1,1,minor,#99c0cc
78,20_13_50_60_11_12_1_62,NA,2.3.4.4b,1,domestic-Galliformes,domestic-ave,domestic-Galliformes - Asia,Asia,domestic-Galliformes,Asia,0,1,1,minor,#6691cc
79,20_13_68_1_11_38_1_9,NA,2.3.4.4b,1,wild-Mammal,mammal,wild-Mammal - Asia,Asia,wild-Mammal,Asia,0,1,1,minor,#333fcc
80,21_8_21_11_4_18_2_5,H5N6/2020/R2_Asia,2.3.4.4h,7,domestic-Anseriformes,domestic-ave,domestic-Anseriformes - Asia,Asia,domestic-Anseriformes,Asia,0.0080000000000382,1,1,major,#f0ffff
81,21_8_21_11_4_44_24_5,NA,2.3.4.4h,1,domestic-Anseriformes,domestic-ave,domestic-Anseriformes - Asia,Asia,domestic-Anseriformes,Asia,0,1,1,minor,#f0ffff
82,21_8_54_11_4_44_2_5,NA,2.3.4.4h,1,domestic-Anseriformes,domestic-ave,domestic-Anseriformes - Asia,Asia,domestic-Anseriformes,Asia,0,1,1,minor,#f0ffff
83,22_1_12_1_6_1_1_18,H5N1/2022/R16_Asia,2.3.4.4b,8,"wild-Anseriformes, domestic-Galliformes, wild-Passeriformes, wild-unknown avian","wild-ave, domestic-ave","wild-Anseriformes - Asia, domestic-Galliformes - Asia, wild-Passeriformes - Asia, wild-unknown avian - Asia",Asia,wild-Anseriformes,Asia,0.366999999999962,1,2,major,#a699cc
84,22_38_22_2_6_66_1_2,NA,2.3.4.4b,1,wild-Anseriformes,wild-ave,wild-Anseriformes - Asia,Asia,wild-Anseriformes,Asia,0,1,1,minor,#a466cc
85,23_1_23_1_1_1_1_1,H5N1/2022/R17_Asia,2.3.4.4b,8,"wild-Passeriformes, wild-Mammal","wild-ave, mammal","wild-Passeriformes - Asia, wild-Mammal - Asia",Asia,wild-Passeriformes,Asia,0.332000000000107,1,2,major,#c533cc
86,24_1_25_1_14_1_1_7,H5N1/2021/R9_Europe,2.3.4.4b,7,"wild-Pelecaniformes, wild-Anseriformes, domestic-Anseriformes","wild-ave, domestic-ave","wild-Pelecaniformes - Europe, wild-Anseriformes - Europe, domestic-Anseriformes - Europe",Europe,wild-Pelecaniformes,Europe,0.257000000000062,1,2,major,#cc99bc
87,25_4_1_1_2_1_1_4,NA,2.3.4.4b,1,wild-Accipitriformes,wild-ave,wild-Accipitriformes - North America,North America,wild-Accipitriformes,North America,0,1,1,minor,#cc6689
88,25_4_26_17_19_31_10_8,NA,Am_nonGsGD,1,wild-Charadriiformes,wild-ave,wild-Charadriiformes - North America,North America,wild-Charadriiformes,North America,0,1,1,minor,#d3d3d3
89,25_4_26_36_19_59_22_38,NA,Am_nonGsGD,1,wild-Anseriformes,wild-ave,wild-Anseriformes - North America,North America,wild-Anseriformes,North America,0,1,1,minor,#d3d3d3
90,25_4_40_17_19_31_10_32,NA,Am_nonGsGD,2,"wild-Anseriformes, wild-Charadriiformes",wild-ave,"wild-Anseriformes - North America, wild-Charadriiformes - North America",North America,wild-Anseriformes,North America,0,1,1,minor,#d3d3d3
91,25_4_40_17_19_31_10_58,NA,Am_nonGsGD,1,wild-Charadriiformes,wild-ave,wild-Charadriiformes - North America,North America,wild-Charadriiformes,North America,0,1,1,minor,#d3d3d3
92,26_1_30_1_13_25_1_25,NA,2.3.4.4b,4,domestic-Galliformes,domestic-ave,domestic-Galliformes - Asia,Asia,domestic-Galliformes,Asia,0,1,1,major,#cc3333
93,26_23_46_1_13_50_1_30,NA,2.3.4.4b,1,domestic-Anseriformes,domestic-ave,domestic-Anseriformes - Asia,Asia,domestic-Anseriformes,Asia,0,1,1,minor,#cc7466
94,26_23_46_58_13_50_2_30,NA,2.3.4.4h,1,wild-Mammal,mammal,wild-Mammal - Asia,Asia,wild-Mammal,Asia,0,1,1,minor,#f0ffff
95,27_9_14_6_8_11_4_22,H5N6/2020/R5_Asia,2.3.4.4g,6,domestic-Anseriformes,domestic-ave,domestic-Anseriformes - Asia,Asia,domestic-Anseriformes,Asia,0,1,1,major,#fffaf0
96,28_1_2_26_12_49_1_23,NA,EA_nonGsGD,2,domestic-Anseriformes,domestic-ave,domestic-Anseriformes - Europe,Europe,domestic-Anseriformes,Europe,0,1,1,minor,#dcdcdc
97,28_1_2_49_43_80_1_1,NA,EA_nonGsGD,1,wild-Anseriformes,wild-ave,wild-Anseriformes - Europe,Europe,wild-Anseriformes,Europe,0,1,1,minor,#dcdcdc
98,28_1_35_1_1_2_1_7,NA,2.3.4.4b,1,domestic-Galliformes,domestic-ave,domestic-Galliformes - Europe,Europe,domestic-Galliformes,Europe,0,1,1,minor,#cc7d33
99,29_1_2_1_1_79_14_1,NA,2.3.4.4b,1,wild-Anseriformes,wild-ave,wild-Anseriformes - Europe,Europe,wild-Anseriformes,Europe,0,1,1,minor,#ccc399
100,29_1_77_14_12_76_31_23,NA,EA_nonGsGD,1,wild-Anseriformes,wild-ave,wild-Anseriformes - Europe,Europe,wild-Anseriformes,Europe,0,1,1,minor,#dcdcdc
101,29_34_63_24_1_63_14_1,NA,EA_nonGsGD,1,wild-Anseriformes,wild-ave,wild-Anseriformes - Europe,Europe,wild-Anseriformes,Europe,0,1,1,minor,#dcdcdc
102,2_16_37_45_41_74_1_21,NA,EA_nonGsGD,1,domestic-Anseriformes,domestic-ave,domestic-Anseriformes - Asia,Asia,domestic-Anseriformes,Asia,0,1,1,minor,#dcdcdc
103,2_1_12_1_6_4_1_1,H5N1/2021/R11_Asia,2.3.4.4b,5,"domestic-Anseriformes, domestic-Galliformes",domestic-ave,"domestic-Anseriformes - Asia, domestic-Galliformes - Asia",Asia,domestic-Anseriformes,Asia,0.144999999999982,1,1,major,#b9cc66
104,2_1_16_1_1_8_1_1,H5N5/2020/R2_Europe,2.3.4.4b,15,"wild-Charadriiformes, wild-Pelecaniformes, wild-Anseriformes, wild-Accipitriformes",wild-ave,"wild-Charadriiformes - Europe, wild-Pelecaniformes - Europe, wild-Anseriformes - Europe, wild-Accipitriformes - Europe",Europe,wild-Anseriformes,Europe,1.23500000000013,1,1,major,#7bcc33
105,2_1_1_1_1_16_1_1,H5N1/2022/R7_Africa,2.3.4.4b,13,"wild-Charadriiformes, wild-Sphenisciformes",wild-ave,"wild-Charadriiformes - Africa, wild-Sphenisciformes - Africa",Africa,wild-Charadriiformes,Africa,0.633000000000038,1,1,major,#9fcc99
106,2_1_1_1_1_1_1_1,H5N1/2020/R2_Europe,2.3.4.4b,1381,"wild-Anseriformes, domestic-Galliformes, wild-Accipitriformes, wild-Galliformes, wild-Charadriiformes, domestic-Anseriformes, wild-Passeriformes, wild-Falconiformes, wild-Strigiformes, wild-Mammal, wild-Pelecaniformes, wild-Ciconiiformes, domestic-Casuariiformes, wild-Suliformes, domestic-Struthioniformes, wild-Gruiformes, wild-Psittaciformes, wild-Procellariiformes, wild-Sphenisciformes, wild-unknown avian","wild-ave, domestic-ave, mammal","wild-Anseriformes - Europe, domestic-Galliformes - Europe, wild-Accipitriformes - Europe, wild-Galliformes - Europe, wild-Charadriiformes - Europe, domestic-Anseriformes - Europe, wild-Passeriformes - Europe, wild-Falconiformes - Europe, wild-Strigiformes - Europe, wild-Mammal - Europe, domestic-Galliformes - Africa, wild-Pelecaniformes - Africa, wild-Ciconiiformes - Europe, wild-Pelecaniformes - Europe, wild-Anseriformes - North America, domestic-Anseriformes - Asia, wild-Accipitriformes - Asia, domestic-Galliformes - North America, domestic-Anseriformes - North America, domestic-Casuariiformes - North America, wild-Suliformes - Europe, wild-Mammal - Asia, wild-Mammal - North America, wild-Passeriformes - Asia, wild-Charadriiformes - Africa, wild-Strigiformes - Africa, domestic-Struthioniformes - Africa, wild-Gruiformes - Africa, wild-Suliformes - Africa, wild-Psittaciformes - North America, wild-Procellariiformes - Europe, wild-Sphenisciformes - Africa, wild-Accipitriformes - North America, wild-unknown avian - Africa, wild-Anseriformes - Asia, wild-Gruiformes - Europe, domestic-Anseriformes - Africa, wild-Accipitriformes - Africa, wild-Charadriiformes - North America, wild-Ciconiiformes - Africa, wild-Anseriformes - Africa, wild-unknown avian - Europe, domestic-Galliformes - Asia, wild-Procellariiformes - Africa, domestic-Casuariiformes - Asia, wild-Passeriformes - North America, wild-Strigiformes - North America, wild-Falconiformes - North America, wild-Suliformes - North America, wild-Gruiformes - Asia, wild-Charadriiformes - Asia, wild-Pelecaniformes - North America",Europe,wild-Anseriformes,"Europe, Africa, North America, Asia",2.93844800000011,4,3,dominant,#66cc7c
107,2_1_1_1_1_1_1_33,NA,2.3.4.4b,2,"wild-Suliformes, wild-Charadriiformes",wild-ave,"wild-Suliformes - North America, wild-Charadriiformes - North America",North America,wild-Suliformes,North America,0,1,1,minor,#33cc89
108,2_1_1_1_1_1_1_44,NA,2.3.4.4b,1,wild-Anseriformes,wild-ave,wild-Anseriformes - Asia,Asia,wild-Anseriformes,Asia,0,1,1,minor,#99ccc7
109,2_1_1_1_1_1_1_48,NA,2.3.4.4b,1,domestic-Galliformes,domestic-ave,domestic-Galliformes - Europe,Europe,domestic-Galliformes,Europe,0,1,1,minor,#66b1cc
110,2_1_1_1_1_1_1_51,NA,2.3.4.4b,1,wild-Anseriformes,wild-ave,wild-Anseriformes - Europe,Europe,wild-Anseriformes,Europe,0,1,1,minor,#336fcc
111,2_1_1_1_1_33_1_2,NA,2.3.4.4b,3,domestic-Galliformes,domestic-ave,domestic-Galliformes - Europe,Europe,domestic-Galliformes,Europe,0,1,1,major,#999bcc
112,2_1_1_1_1_53_1_1,NA,2.3.4.4b,1,domestic-Galliformes,domestic-ave,domestic-Galliformes - Africa,Africa,domestic-Galliformes,Africa,0,1,1,minor,#8466cc
113,2_1_1_1_1_53_1_60,NA,2.3.4.4b,1,domestic-Galliformes,domestic-ave,domestic-Galliformes - Africa,Africa,domestic-Galliformes,Africa,0,1,1,minor,#9633cc
114,2_1_1_1_1_8_1_1,H5N5/2021/R1_Europe,2.3.4.4b,8,"wild-Anseriformes, domestic-Galliformes, wild-Accipitriformes","wild-ave, domestic-ave","wild-Anseriformes - Europe, domestic-Galliformes - Europe, wild-Accipitriformes - Europe",Europe,wild-Anseriformes,Europe,0.228000000000065,1,2,major,#cb99cc
115,2_1_1_1_1_95_36_1,NA,2.3.4.4b,1,domestic-Galliformes,domestic-ave,domestic-Galliformes - Africa,Africa,domestic-Galliformes,Africa,0,1,1,minor,#cc66a9
116,2_1_1_1_27_1_1_1,NA,2.3.4.4b,1,domestic-Galliformes,domestic-ave,domestic-Galliformes - Europe,Europe,domestic-Galliformes,Europe,0,1,1,minor,#cc3362
117,2_1_1_1_2_1_1_1,H5N1/2022/R6_NAmerica,2.3.4.4b,9,"domestic-Galliformes, domestic-Anseriformes",domestic-ave,"domestic-Galliformes - North America, domestic-Anseriformes - North America",North America,domestic-Galliformes,North America,0.0630000000001019,1,1,major,#cc4d33
118,2_1_1_1_7_1_1_1,H5N1/2021/R12_Europe,2.3.4.4b,10,"wild-Charadriiformes, wild-Columbiformes, wild-Strigiformes, wild-Falconiformes, wild-Accipitriformes",wild-ave,"wild-Charadriiformes - Europe, wild-Columbiformes - Europe, wild-Strigiformes - Europe, wild-Falconiformes - Europe, wild-Accipitriformes - Europe",Europe,wild-Charadriiformes,Europe,0.177999999999884,1,1,major,#ccb399
119,2_1_28_1_1_1_1_1,H5N1/2021/R10_Africa,2.3.4.4b,6,"wild-unknown avian, domestic-Galliformes","wild-ave, domestic-ave","wild-unknown avian - Africa, domestic-Galliformes - Africa",Africa,wild-unknown avian,Africa,0.270999999999958,1,2,major,#ccbe66
120,2_1_29_14_1_29_1_1,NA,EA_nonGsGD,4,domestic-Galliformes,domestic-ave,domestic-Galliformes - Europe,Europe,domestic-Galliformes,Europe,0.0659999999998035,1,1,major,#dcdcdc
121,2_1_29_14_26_36_1_23,NA,EA_nonGsGD,1,domestic-Anseriformes,domestic-ave,domestic-Anseriformes - Europe,Europe,domestic-Anseriformes,Europe,0,1,1,minor,#dcdcdc
122,2_1_2_14_26_36_1_23,NA,EA_nonGsGD,1,wild-Anseriformes,wild-ave,wild-Anseriformes - Europe,Europe,wild-Anseriformes,Europe,0,1,1,minor,#dcdcdc
123,2_1_2_1_1_1_1_1,H5N1/2021/R6_Europe,2.3.4.4b,12,"wild-Anseriformes, wild-Mammal, domestic-Galliformes, wild-Accipitriformes","wild-ave, mammal, domestic-ave","wild-Anseriformes - Europe, wild-Mammal - Europe, domestic-Galliformes - Europe, wild-Accipitriformes - Europe",Europe,wild-Anseriformes,Europe,1.01099999999997,1,3,major,#abcc33
124,2_1_2_27_1_72_1_1,NA,EA_nonGsGD,1,wild-Anseriformes,wild-ave,wild-Anseriformes - Europe,Europe,wild-Anseriformes,Europe,0,1,1,minor,#dcdcdc
125,2_1_2_57_1_92_17_55,NA,EA_nonGsGD,1,wild-Charadriiformes,wild-ave,wild-Charadriiformes - Europe,Europe,wild-Charadriiformes,Europe,0,1,1,minor,#dcdcdc
126,2_1_33_1_1_4_1_1,NA,2.3.4.4b,4,"domestic-Anseriformes, domestic-Galliformes",domestic-ave,"domestic-Anseriformes - Asia, domestic-Galliformes - Asia",Asia,domestic-Anseriformes,Asia,0.02800000000002,1,1,major,#afcc99
127,2_1_34_1_1_4_1_1,NA,2.3.4.4b,4,"domestic-Anseriformes, domestic-Galliformes, wild-Anseriformes","domestic-ave, wild-ave","domestic-Anseriformes - Asia, domestic-Galliformes - Asia, wild-Anseriformes - Asia",Asia,wild-Anseriformes,Asia,0.0549999999998363,1,2,major,#6fcc66
128,2_1_43_22_25_45_2_28,NA,2.3.4.4h,2,wild-Mammal,mammal,wild-Mammal - Asia,Asia,wild-Mammal,Asia,0.0080000000000382,1,1,minor,#f0ffff
129,2_1_4_1_12_1_1_1,NA,2.3.4.4b,1,wild-Anseriformes,wild-ave,wild-Anseriformes - Europe,Europe,wild-Anseriformes,Europe,0,1,1,minor,#33cc59
130,2_1_51_31_1_52_19_7,NA,EA_nonGsGD,2,NA-environment,other,NA-environment - Europe,Europe,NA-environment,Europe,0.377447999999958,1,1,minor,#dcdcdc
131,2_1_58_35_6_46_21_1,NA,EA_nonGsGD,1,wild-Anseriformes,wild-ave,wild-Anseriformes - Europe,Europe,wild-Anseriformes,Europe,0,1,1,minor,#dcdcdc
132,2_1_79_1_1_1_1_1,NA,2.3.4.4b,1,wild-Suliformes,wild-ave,wild-Suliformes - Europe,Europe,wild-Suliformes,Europe,0,1,1,minor,#99ccb7
133,2_1_95_1_1_1_1_1,NA,2.3.4.4b,1,wild-Pelecaniformes,wild-ave,wild-Pelecaniformes - Europe,Europe,wild-Pelecaniformes,Europe,0,1,1,minor,#66ccc6
134,2_1_97_59_1_94_1_59,NA,EA_nonGsGD,1,wild-Anseriformes,wild-ave,wild-Anseriformes - Europe,Europe,wild-Anseriformes,Europe,0,1,1,minor,#dcdcdc
135,2_1_9_1_1_4_1_1,H5N1/2021/R4_Asia,2.3.4.4b,55,"domestic-Galliformes, wild-Anseriformes, domestic-Anseriformes, wild-Falconiformes","domestic-ave, wild-ave","domestic-Galliformes - Asia, wild-Anseriformes - Asia, domestic-Anseriformes - Asia, wild-Falconiformes - Asia",Asia,wild-Anseriformes,Asia,1.04099999999994,1,2,major,#339ecc
136,2_1_9_30_1_4_1_1,NA,2.3.4.4b,2,domestic-Anseriformes,domestic-ave,domestic-Anseriformes - Asia,Asia,domestic-Anseriformes,Asia,0,1,1,minor,#99abcc
137,30_1_2_1_1_40_1_1,NA,2.3.4.4b,3,"wild-Anseriformes, domestic-Galliformes","wild-ave, domestic-ave","wild-Anseriformes - Europe, domestic-Galliformes - Europe",Europe,wild-Anseriformes,Europe,0.0820000000001073,1,2,major,#6667cc
138,31_1_1_1_2_1_1_1,NA,2.3.4.4b,2,domestic-Galliformes,domestic-ave,domestic-Galliformes - North America,North America,domestic-Galliformes,North America,0,1,1,minor,#6633cc
139,31_3_1_1_2_1_1_4,NA,2.3.4.4b,1,domestic-Galliformes,domestic-ave,domestic-Galliformes - North America,North America,domestic-Galliformes,North America,0,1,1,minor,#bb99cc
140,32_20_39_1_23_1_1_8,NA,2.3.4.4b,3,"domestic-Galliformes, wild-Anseriformes","domestic-ave, wild-ave","domestic-Galliformes - North America, wild-Anseriformes - North America",North America,domestic-Galliformes,North America,0.0080000000000382,1,2,major,#cc66c9
141,33_22_31_21_20_41_5_26,NA,2.3.2.1c,3,wild-Mammal,mammal,wild-Mammal - Asia,Asia,wild-Mammal,Asia,0.00499999999988177,1,1,major,#f0fff0
142,34_8_59_23_4_12_2_29,NA,2.3.4.4h,1,wild-Mammal,mammal,wild-Mammal - Asia,Asia,wild-Mammal,Asia,0,1,1,minor,#f0ffff
143,34_8_60_23_4_12_2_29,NA,2.3.4.4h,1,wild-Mammal,mammal,wild-Mammal - Asia,Asia,wild-Mammal,Asia,0,1,1,minor,#f0ffff
144,35_4_45_25_2_48_13_8,NA,Am_nonGsGD,1,wild-Charadriiformes,wild-ave,wild-Charadriiformes - North America,North America,wild-Charadriiformes,North America,0,1,1,minor,#d3d3d3
145,35_4_69_25_2_48_13_8,NA,Am_nonGsGD,1,wild-Charadriiformes,wild-ave,wild-Charadriiformes - North America,North America,wild-Charadriiformes,North America,0,1,1,minor,#d3d3d3
146,36_1_1_1_1_1_1_1,NA,2.3.4.4b,2,domestic-Anseriformes,domestic-ave,domestic-Anseriformes - Europe,Europe,domestic-Anseriformes,Europe,0,1,1,minor,#cc3392
147,37_1_22_28_6_51_1_31,NA,EA_nonGsGD,2,domestic-Anseriformes,domestic-ave,domestic-Anseriformes - Asia,Asia,domestic-Anseriformes,Asia,0.0539999999998599,1,1,minor,#dcdcdc
148,38_5_48_29_1_27_16_6,NA,2.3.2.1a,2,domestic-Anseriformes,domestic-ave,domestic-Anseriformes - Asia,Asia,domestic-Anseriformes,Asia,0.255000000000109,1,1,minor,#fffff0
149,39_5_83_18_1_27_18_6,NA,2.3.2.1a,1,domestic-Anseriformes,domestic-ave,domestic-Anseriformes - Asia,Asia,domestic-Anseriformes,Asia,0,1,1,minor,#fffff0
150,39_5_89_18_1_27_18_6,NA,2.3.2.1a,1,domestic-Anseriformes,domestic-ave,domestic-Anseriformes - Asia,Asia,domestic-Anseriformes,Asia,0,1,1,minor,#fffff0
151,3_14_3_1_15_22_1_1,NA,2.3.4.4b,1,domestic-Anseriformes,domestic-ave,domestic-Anseriformes - Asia,Asia,domestic-Anseriformes,Asia,0,1,1,minor,#cc99a7
152,3_14_3_1_15_22_1_2,H5N2/2021/R1_Asia,2.3.4.4b,6,domestic-Anseriformes,domestic-ave,domestic-Anseriformes - Asia,Asia,domestic-Anseriformes,Asia,0.0760000000000218,1,1,major,#cca399
153,3_18_3_1_16_20_1_11,NA,2.3.4.4b,4,"domestic-Anseriformes, wild-Mammal","domestic-ave, mammal","domestic-Anseriformes - Asia, wild-Mammal - Asia",Asia,domestic-Anseriformes,Asia,1.24082199999998,1,2,major,#cc9e66
154,3_1_2_1_16_43_1_2,NA,2.3.4.4b,1,wild-Charadriiformes,wild-ave,wild-Charadriiformes - Europe,Europe,wild-Charadriiformes,Europe,0,1,1,minor,#ccbc33
155,3_1_2_1_1_2_1_2,H5N8/2021/R1_Europe,2.3.4.4b,13,"wild-Anseriformes, wild-Accipitriformes, domestic-Galliformes, domestic-Anseriformes","wild-ave, domestic-ave","wild-Anseriformes - Europe, wild-Accipitriformes - Europe, domestic-Galliformes - Europe, domestic-Anseriformes - Europe",Europe,domestic-Galliformes,Europe,0.258000000000038,1,2,major,#bfcc99
156,3_1_2_1_21_34_1_2,NA,2.3.4.4b,3,domestic-Galliformes,domestic-ave,domestic-Galliformes - Europe,Europe,domestic-Galliformes,Europe,0.0140000000001237,1,1,major,#8fcc66
157,3_1_35_1_1_2_1_2,NA,2.3.4.4b,1,domestic-Galliformes,domestic-ave,domestic-Galliformes - Europe,Europe,domestic-Galliformes,Europe,0,1,1,minor,#3bcc33
158,3_1_3_1_1_26_1_2,H5N1/2021/R8_Asia,2.3.4.4b,6,"domestic-Galliformes, domestic-Anseriformes, wild-Columbiformes","domestic-ave, wild-ave","domestic-Galliformes - Asia, domestic-Anseriformes - Asia, wild-Columbiformes - Asia",Asia,domestic-Anseriformes,Asia,0.26299999999992,1,2,major,#99cca7
159,3_1_44_1_6_46_1_2,NA,2.3.4.4b,1,wild-Anseriformes,wild-ave,wild-Anseriformes - Europe,Europe,wild-Anseriformes,Europe,0,1,1,minor,#66cca6
160,3_27_3_12_1_32_1_2,NA,2.3.4.4b,1,domestic-Anseriformes,domestic-ave,domestic-Anseriformes - Europe,Europe,domestic-Anseriformes,Europe,0,1,1,minor,#33ccc9
161,3_2_1_1_1_2_1_2,NA,2.3.4.4b,1,wild-Anseriformes,wild-ave,wild-Anseriformes - Europe,Europe,wild-Anseriformes,Europe,0,1,1,minor,#99bbcc
162,3_2_2_1_1_2_1_2,NA,2.3.4.4b,4,"domestic-Anseriformes, domestic-Galliformes",domestic-ave,"domestic-Anseriformes - Europe, domestic-Galliformes - Europe",Europe,domestic-Anseriformes,Europe,0,1,1,major,#6687cc
163,3_2_2_1_1_35_1_2,NA,2.3.4.4b,3,"wild-Anseriformes, wild-Accipitriformes, wild-Strigiformes",wild-ave,"wild-Anseriformes - Europe, wild-Accipitriformes - Europe, wild-Strigiformes - Europe",Europe,wild-Accipitriformes,Europe,0.11200000000008,1,1,major,#3633cc
164,3_2_2_1_1_7_1_2,H5N5/2020/R1_Europe,2.3.4.4b,22,"wild-Anseriformes, domestic-Galliformes, wild-Accipitriformes, domestic-Anseriformes","wild-ave, domestic-ave","wild-Anseriformes - Europe, domestic-Galliformes - Europe, wild-Accipitriformes - Europe, domestic-Anseriformes - Europe",Europe,wild-Accipitriformes,Europe,0.684999999999945,1,2,major,#ab99cc
165,3_2_3_12_1_32_1_2,NA,EA_nonGsGD,1,domestic-Galliformes,domestic-ave,domestic-Galliformes - Europe,Europe,domestic-Galliformes,Europe,0,1,1,minor,#dcdcdc
166,3_2_3_1_1_20_1_2,NA,2.3.4.4b,1,domestic-Galliformes,domestic-ave,domestic-Galliformes - Asia,Asia,domestic-Galliformes,Asia,0,1,1,minor,#af66cc
167,3_2_3_1_1_2_1_2,H5N8/2020/R2_Asia,2.3.4.4b,1050,"wild-Anseriformes, domestic-Galliformes, domestic-Anseriformes, wild-Falconiformes, wild-Charadriiformes, wild-Accipitriformes, wild-Gruiformes, wild-unknown avian, wild-Suliformes, wild-Strigiformes, wild-Pelecaniformes, wild-Mammal, wild-Passeriformes, wild-Ciconiiformes, domestic-Rheiformes, wild-Podicipediformes, wild-Columbiformes","wild-ave, domestic-ave, mammal","wild-Anseriformes - Europe, domestic-Galliformes - Europe, wild-Anseriformes - Asia, domestic-Anseriformes - Asia, domestic-Galliformes - Asia, domestic-Anseriformes - Europe, wild-Falconiformes - Europe, wild-Charadriiformes - Europe, wild-Accipitriformes - Europe, wild-Gruiformes - Asia, wild-unknown avian - Europe, wild-Suliformes - Europe, wild-Strigiformes - Europe, wild-Pelecaniformes - Europe, wild-Mammal - Europe, wild-Passeriformes - Europe, wild-Ciconiiformes - Europe, domestic-Rheiformes - Europe, wild-Charadriiformes - Asia, wild-Pelecaniformes - Asia, wild-Podicipediformes - Asia, wild-Columbiformes - Europe, wild-unknown avian - Asia, wild-Gruiformes - Europe, wild-Strigiformes - Asia, domestic-Galliformes - Africa, wild-Passeriformes - Asia, wild-Podicipediformes - Europe, wild-Columbiformes - Asia, wild-unknown avian - Africa",Asia,domestic-Galliformes,"Europe, Asia, Africa",1.80099999999993,3,3,dominant,#cc33c2
168,3_2_3_1_1_2_1_9,NA,2.3.4.4b,1,domestic-Galliformes,domestic-ave,domestic-Galliformes - Asia,Asia,domestic-Galliformes,Asia,0,1,1,minor,#cc99b7
169,3_2_3_1_1_47_1_2,NA,2.3.4.4b,2,"wild-Gruiformes, domestic-Galliformes","wild-ave, domestic-ave","wild-Gruiformes - Asia, domestic-Galliformes - Asia",Asia,domestic-Galliformes,Asia,0.0140000000001237,1,2,minor,#cc667e
170,3_2_3_1_1_58_1_2,NA,2.3.4.4b,1,wild-Anseriformes,wild-ave,wild-Anseriformes - Europe,Europe,wild-Anseriformes,Europe,0,1,1,minor,#cc7e66
171,3_2_3_1_1_68_1_2,NA,2.3.4.4b,1,wild-Anseriformes,wild-ave,wild-Anseriformes - Asia,Asia,wild-Anseriformes,Asia,0,1,1,minor,#cc8d33
172,3_2_3_1_1_71_1_2,NA,2.3.4.4b,1,domestic-Anseriformes,domestic-ave,domestic-Anseriformes - Asia,Asia,domestic-Anseriformes,Asia,0,1,1,minor,#ccc899
173,3_2_3_1_1_7_1_2,NA,2.3.4.4b,2,"domestic-Galliformes, domestic-Anseriformes",domestic-ave,"domestic-Galliformes - Europe, domestic-Anseriformes - Europe",Europe,domestic-Galliformes,Europe,0,1,1,minor,#afcc66
174,3_2_3_1_1_82_1_9,NA,2.3.4.4b,1,domestic-Anseriformes,domestic-ave,domestic-Anseriformes - Asia,Asia,domestic-Anseriformes,Asia,0,1,1,minor,#6bcc33
175,3_2_3_1_1_88_1_9,NA,2.3.4.4b,1,domestic-Galliformes,domestic-ave,domestic-Galliformes - Asia,Asia,domestic-Galliformes,Asia,0,1,1,minor,#9acc99
176,3_2_3_1_32_2_1_2,NA,2.3.4.4b,1,domestic-Anseriformes,domestic-ave,domestic-Anseriformes - Asia,Asia,domestic-Anseriformes,Asia,0,1,1,minor,#66cc87
177,3_2_3_54_1_89_1_52,NA,2.3.4.4b,1,domestic-Galliformes,domestic-ave,domestic-Galliformes - Africa,Africa,domestic-Galliformes,Africa,0,1,1,minor,#33cc99
178,3_2_71_1_1_20_1_2,NA,2.3.4.4b,1,domestic-Anseriformes,domestic-ave,domestic-Anseriformes - Asia,Asia,domestic-Anseriformes,Asia,0,1,1,minor,#99cbcc
179,3_2_87_1_1_87_34_50,NA,2.3.4.4b,1,domestic-Galliformes,domestic-ave,domestic-Galliformes - Africa,Africa,domestic-Galliformes,Africa,0,1,1,minor,#66a6cc
180,3_31_3_1_1_2_1_2,NA,2.3.4.4b,1,domestic-Anseriformes,domestic-ave,domestic-Anseriformes - Asia,Asia,domestic-Anseriformes,Asia,0,1,1,minor,#335fcc
181,3_32_3_1_1_2_1_2,NA,2.3.4.4b,1,domestic-Galliformes,domestic-ave,domestic-Galliformes - Europe,Europe,domestic-Galliformes,Europe,0,1,1,minor,#9b99cc
182,3_36_3_1_16_20_1_11,NA,2.3.4.4b,1,wild-Mammal,mammal,wild-Mammal - Asia,Asia,wild-Mammal,Asia,0,1,1,minor,#8f66cc
183,3_43_3_1_1_2_1_2,NA,2.3.4.4b,1,domestic-Anseriformes,domestic-ave,domestic-Anseriformes - Asia,Asia,domestic-Anseriformes,Asia,0,1,1,minor,#a533cc
184,3_44_3_1_1_2_1_2,NA,2.3.4.4b,1,domestic-Anseriformes,domestic-ave,domestic-Anseriformes - Asia,Asia,domestic-Anseriformes,Asia,0,1,1,minor,#cc99c6
185,3_45_3_1_1_2_1_2,NA,2.3.4.4b,1,domestic-Anseriformes,domestic-ave,domestic-Anseriformes - Asia,Asia,domestic-Anseriformes,Asia,0,1,1,minor,#cc669e
186,3_50_3_1_1_10_1_9,NA,2.3.4.4b,1,domestic-Anseriformes,domestic-ave,domestic-Anseriformes - Asia,Asia,domestic-Anseriformes,Asia,0,1,1,minor,#cc3352
187,40_1_12_1_6_2_1_17,NA,2.3.4.4b,2,domestic-Anseriformes,domestic-ave,domestic-Anseriformes - Asia,Asia,domestic-Anseriformes,Asia,0,1,1,minor,#cc5d33
188,41_1_1_1_1_1_1_1,NA,2.3.4.4b,2,domestic-Galliformes,domestic-ave,domestic-Galliformes - North America,North America,domestic-Galliformes,North America,0,1,1,minor,#ccb899
189,42_24_1_1_2_1_1_4,NA,2.3.4.4b,2,"domestic-Galliformes, domestic-Anseriformes",domestic-ave,"domestic-Galliformes - North America, domestic-Anseriformes - North America",North America,domestic-Galliformes,North America,0,1,1,minor,#ccc966
190,43_1_5_2_1_3_1_2,NA,2.3.4.4b,2,NA-environment,other,NA-environment - Asia,Asia,NA-environment,Asia,0,1,1,minor,#9bcc33
191,44_1_1_1_18_1_1_1,NA,2.3.4.4b,2,"wild-Mammal, wild-Accipitriformes","mammal, wild-ave","wild-Mammal - North America, wild-Accipitriformes - North America",North America,wild-Mammal,North America,0.428000000000111,1,2,minor,#aacc99
192,45_1_1_1_18_1_1_1,NA,2.3.4.4b,2,"wild-Strigiformes, wild-Anseriformes",wild-ave,"wild-Strigiformes - North America, wild-Anseriformes - North America",North America,wild-Anseriformes,North America,0.322999999999865,1,1,minor,#66cc67
193,46_2_53_12_29_54_11_2,NA,2.3.4.4b,1,domestic-Galliformes,domestic-ave,domestic-Galliformes - Europe,Europe,domestic-Galliformes,Europe,0,1,1,minor,#33cc69
194,47_28_55_32_4_55_2_34,NA,2.3.4.4h,1,domestic-Galliformes,domestic-ave,domestic-Galliformes - Asia,Asia,domestic-Galliformes,Asia,0,1,1,minor,#f0ffff
195,48_30_31_34_20_57_5_37,NA,2.3.2.1c,1,wild-Mammal,mammal,wild-Mammal - Asia,Asia,wild-Mammal,Asia,0,1,1,minor,#f0fff0
196,49_1_1_1_1_1_1_1,NA,2.3.4.4b,1,wild-Anseriformes,wild-ave,wild-Anseriformes - Europe,Europe,wild-Anseriformes,Europe,0,1,1,minor,#99ccbc
197,4_1_1_1_2_1_1_1,H5N1/2022/R4_NAmerica,2.3.4.4b,288,"domestic-Galliformes, wild-Anseriformes, domestic-Anseriformes, wild-Accipitriformes, wild-Mammal, wild-Strigiformes","domestic-ave, wild-ave, mammal","domestic-Galliformes - North America, wild-Anseriformes - North America, domestic-Anseriformes - North America, wild-Accipitriformes - North America, wild-Mammal - North America, wild-Strigiformes - North America",North America,wild-Anseriformes,North America,0.676999999999907,1,3,major,#66c6cc
198,4_1_1_1_2_1_1_8,H5N1/2022/R10_NAmerica,2.3.4.4b,40,"domestic-Galliformes, wild-Pelecaniformes, domestic-Anseriformes, wild-Rheiformes, wild-Anseriformes, wild-Accipitriformes, wild-Strigiformes","domestic-ave, wild-ave","domestic-Galliformes - North America, wild-Pelecaniformes - South America, domestic-Anseriformes - North America, wild-Rheiformes - North America, wild-Anseriformes - North America, wild-Accipitriformes - North America, wild-Strigiformes - North America",North America,domestic-Galliformes,"North America, South America",1.03600000000006,2,2,dominant,#338ecc
199,4_3_1_1_2_1_1_1,NA,2.3.4.4b,3,"domestic-Galliformes, wild-Accipitriformes, wild-Passeriformes","domestic-ave, wild-ave","domestic-Galliformes - North America, wild-Accipitriformes - North America, wild-Passeriformes - North America",North America,domestic-Galliformes,North America,0.0660000000000309,1,2,major,#99a5cc
200,4_3_1_1_2_1_1_4,NA,2.3.4.4b,1,wild-Anseriformes,wild-ave,wild-Anseriformes - North America,North America,wild-Anseriformes,North America,0,1,1,minor,#6f66cc
201,4_4_8_1_2_1_1_1,H5N1/2022/R13_NAmerica,2.3.4.4b,65,"domestic-Anseriformes, domestic-Galliformes, wild-Mammal, wild-Galliformes, wild-Anseriformes, wild-Accipitriformes, wild-Pelecaniformes, wild-Falconiformes","domestic-ave, mammal, wild-ave","domestic-Anseriformes - North America, domestic-Galliformes - North America, wild-Mammal - North America, wild-Galliformes - North America, wild-Anseriformes - North America, wild-Accipitriformes - North America, domestic-Galliformes - South America, domestic-Anseriformes - South America, wild-Pelecaniformes - North America, wild-Falconiformes - North America",North America,domestic-Anseriformes,"North America, South America",0.619999999999891,2,3,major,#7633cc
202,4_4_8_1_2_97_1_1,NA,2.3.4.4b,1,wild-Accipitriformes,wild-ave,wild-Accipitriformes - North America,North America,wild-Accipitriformes,North America,0,1,1,minor,#c199cc
203,50_1_1_1_1_1_1_1,NA,2.3.4.4b,1,wild-Passeriformes,wild-ave,wild-Passeriformes - Europe,Europe,wild-Passeriformes,Europe,0,1,1,minor,#cc66be
204,51_1_62_37_1_61_23_1,NA,EA_nonGsGD,1,wild-Anseriformes,wild-ave,wild-Anseriformes - Europe,Europe,wild-Anseriformes,Europe,0,1,1,minor,#dcdcdc
205,52_33_2_24_33_62_1_7,NA,EA_nonGsGD,1,wild-Anseriformes,wild-ave,wild-Anseriformes - Europe,Europe,wild-Anseriformes,Europe,0,1,1,minor,#dcdcdc
206,53_39_67_39_9_10_26_9,NA,2.3.4.4h,1,wild-Mammal,mammal,wild-Mammal - Asia,Asia,wild-Mammal,Asia,0,1,1,minor,#f0ffff
207,54_3_45_40_37_67_13_8,NA,Am_nonGsGD,1,wild-Charadriiformes,wild-ave,wild-Charadriiformes - North America,North America,wild-Charadriiformes,North America,0,1,1,minor,#d3d3d3
208,55_42_70_1_39_25_1_39,NA,2.3.4.4b,1,domestic-Galliformes,domestic-ave,domestic-Galliformes - Asia,Asia,domestic-Galliformes,Asia,0,1,1,minor,#cc3382
209,56_1_30_1_13_25_1_40,NA,2.3.4.4b,1,domestic-Galliformes,domestic-ave,domestic-Galliformes - Asia,Asia,domestic-Galliformes,Asia,0,1,1,minor,#cc99a1
210,57_46_72_42_1_69_27_41,NA,2.3.2.1a,1,wild-Mammal,mammal,wild-Mammal - Asia,Asia,wild-Mammal,Asia,0,1,1,minor,#fffff0
211,58_47_73_43_40_70_28_42,NA,Am_nonGsGD,1,domestic-Galliformes,domestic-ave,domestic-Galliformes - North America,North America,domestic-Galliformes,North America,0,1,1,minor,#d3d3d3
212,59_1_1_1_1_1_1_1,NA,2.3.4.4b,1,domestic-Anseriformes,domestic-ave,domestic-Anseriformes - Asia,Asia,domestic-Anseriformes,Asia,0,1,1,minor,#cca899
213,5_15_12_13_17_23_30_20,NA,Am_nonGsGD,1,wild-Anseriformes,wild-ave,wild-Anseriformes - Asia,Asia,wild-Anseriformes,Asia,0,1,1,minor,#d3d3d3
214,5_15_12_13_17_23_9_20,NA,Am_nonGsGD,1,wild-Anseriformes,wild-ave,wild-Anseriformes - Asia,Asia,wild-Anseriformes,Asia,0,1,1,minor,#d3d3d3
215,5_15_26_13_17_23_9_20,NA,Am_nonGsGD,3,domestic-Anseriformes,domestic-ave,domestic-Anseriformes - Asia,Asia,domestic-Anseriformes,Asia,0,1,1,major,#d3d3d3
216,5_15_26_13_17_23_9_21,NA,Am_nonGsGD,1,wild-Anseriformes,wild-ave,wild-Anseriformes - Asia,Asia,wild-Anseriformes,Asia,0,1,1,minor,#d3d3d3
217,5_1_1_1_2_1_1_1,H5N1/2022/R5_NAmerica,2.3.4.4b,52,"domestic-Galliformes, wild-Mammal, domestic-Anseriformes, wild-Anseriformes, wild-Podicipediformes, wild-Accipitriformes, wild-Pelecaniformes, wild-Falconiformes, wild-Strigiformes","domestic-ave, mammal, wild-ave","domestic-Galliformes - North America, wild-Mammal - North America, domestic-Anseriformes - North America, wild-Anseriformes - North America, wild-Podicipediformes - North America, wild-Accipitriformes - North America, wild-Pelecaniformes - North America, wild-Falconiformes - North America, wild-Strigiformes - North America",North America,wild-Anseriformes,North America,0.605000000000018,1,3,major,#cca966
218,5_3_1_1_2_1_1_1,H5N1/2022/R11_NAmerica,2.3.4.4b,6,"wild-Mammal, domestic-Galliformes, wild-Accipitriformes","mammal, domestic-ave, wild-ave","wild-Mammal - North America, domestic-Galliformes - North America, wild-Accipitriformes - North America",North America,domestic-Galliformes,North America,0.591999999999871,1,3,major,#cbcc33
219,5_3_1_1_2_1_1_4,H5N1/2022/R8_NAmerica,2.3.4.4b,307,"domestic-Galliformes, domestic-Anseriformes, wild-Mammal, wild-Anseriformes, wild-Strigiformes, wild-Charadriiformes, wild-Falconiformes, wild-Pelecaniformes, wild-Accipitriformes, wild-Suliformes, wild-unknown avian, domestic-Mammal, wild-Passeriformes","domestic-ave, mammal, wild-ave","domestic-Galliformes - North America, domestic-Anseriformes - North America, wild-Mammal - North America, wild-Anseriformes - North America, wild-Anseriformes - Asia, wild-Strigiformes - North America, wild-Charadriiformes - North America, wild-Falconiformes - North America, wild-Pelecaniformes - South America, wild-Charadriiformes - South America, wild-Accipitriformes - North America, wild-Suliformes - South America, wild-Mammal - South America, domestic-Galliformes - South America, wild-unknown avian - South America, domestic-Mammal - North America, wild-Pelecaniformes - North America, wild-Passeriformes - North America, wild-Strigiformes - South America",North America,domestic-Galliformes,"North America, Asia, South America",1.173,3,3,dominant,#bacc99
220,60_1_78_1_1_78_1_1,NA,2.3.4.4b,1,wild-Passeriformes,wild-ave,wild-Passeriformes - Asia,Asia,wild-Passeriformes,Asia,0,1,1,minor,#84cc66
221,61_1_44_50_1_81_32_1,NA,EA_nonGsGD,1,wild-Anseriformes,wild-ave,wild-Anseriformes - Europe,Europe,wild-Anseriformes,Europe,0,1,1,minor,#dcdcdc
222,62_13_80_1_11_10_1_9,NA,2.3.4.4b,1,domestic-Anseriformes,domestic-ave,domestic-Anseriformes - Asia,Asia,domestic-Anseriformes,Asia,0,1,1,minor,#33cc3a
223,63_51_84_51_44_84_33_49,NA,2.3.2.1c,1,domestic-Galliformes,domestic-ave,domestic-Galliformes - Asia,Asia,domestic-Galliformes,Asia,0,1,1,minor,#f0fff0
224,64_1_2_52_22_36_1_1,NA,EA_nonGsGD,1,wild-Anseriformes,wild-ave,wild-Anseriformes - Europe,Europe,wild-Anseriformes,Europe,0,1,1,minor,#dcdcdc
225,65_1_86_27_28_86_1_1,NA,EA_nonGsGD,1,wild-Anseriformes,wild-ave,wild-Anseriformes - Europe,Europe,wild-Anseriformes,Europe,0,1,1,minor,#dcdcdc
226,66_21_1_1_1_1_1_1,NA,2.3.4.4b,1,wild-Pelecaniformes,wild-ave,wild-Pelecaniformes - North America,North America,wild-Pelecaniformes,North America,0,1,1,minor,#99ccad
227,67_1_1_1_1_1_1_1,NA,2.3.4.4b,1,wild-Anseriformes,wild-ave,wild-Anseriformes - North America,North America,wild-Anseriformes,North America,0,1,1,minor,#66ccb1
228,68_21_91_1_2_1_1_1,NA,2.3.4.4b,1,wild-Accipitriformes,wild-ave,wild-Accipitriformes - North America,North America,wild-Accipitriformes,North America,0,1,1,minor,#33becc
229,69_1_1_1_2_1_1_1,NA,2.3.4.4b,1,wild-Anseriformes,wild-ave,wild-Anseriformes - North America,North America,wild-Anseriformes,North America,0,1,1,minor,#99b5cc
230,6_16_5_2_1_3_1_2,NA,2.3.4.4b,4,NA-environment,other,NA-environment - Asia,Asia,NA-environment,Asia,0.0190000000000055,1,1,major,#667ccc
231,6_1_37_2_1_3_1_2,NA,2.3.4.4b,2,NA-environment,other,NA-environment - Asia,Asia,NA-environment,Asia,0,1,1,minor,#4633cc
232,6_1_5_2_1_3_1_2,H5N8/2020/R1_Europe,2.3.4.4b,245,"wild-Accipitriformes, domestic-Galliformes, domestic-Anseriformes, wild-Anseriformes, NA-environment, wild-Strigiformes, wild-Falconiformes, wild-unknown avian, wild-Gruiformes","wild-ave, domestic-ave, other","wild-Accipitriformes - Europe, domestic-Galliformes - Europe, domestic-Anseriformes - Europe, wild-Anseriformes - Asia, NA-environment - Asia, domestic-Galliformes - Asia, wild-Anseriformes - Europe, wild-Strigiformes - Asia, wild-Falconiformes - Asia, domestic-Anseriformes - Asia, wild-Accipitriformes - Asia, wild-unknown avian - Asia, wild-Gruiformes - Asia",Europe,domestic-Galliformes,"Europe, Asia",1.16699999999992,2,3,dominant,#b199cc
233,6_1_5_2_38_3_1_2,NA,2.3.4.4b,1,wild-Anseriformes,wild-ave,wild-Anseriformes - Asia,Asia,wild-Anseriformes,Asia,0,1,1,minor,#b966cc
234,6_1_5_41_1_3_1_2,NA,2.3.4.4b,1,wild-Falconiformes,wild-ave,wild-Falconiformes - Asia,Asia,wild-Falconiformes,Asia,0,1,1,minor,#cc33b2
235,6_25_52_2_1_3_1_2,NA,2.3.4.4b,2,NA-environment,other,NA-environment - Asia,Asia,NA-environment,Asia,0,1,1,minor,#cc99b1
236,6_26_5_2_1_3_1_2,NA,2.3.4.4b,2,NA-environment,other,NA-environment - Asia,Asia,NA-environment,Asia,0,1,1,minor,#cc6674
237,6_2_64_12_34_32_1_2,NA,2.3.4.4b,1,domestic-Galliformes,domestic-ave,domestic-Galliformes - Africa,Africa,domestic-Galliformes,Africa,0,1,1,minor,#cc8966
238,70_3_92_55_2_90_35_8,NA,Am_nonGsGD,1,wild-Charadriiformes,wild-ave,wild-Charadriiformes - North America,North America,wild-Charadriiformes,North America,0,1,1,minor,#d3d3d3
239,71_1_93_56_1_91_1_54,NA,2.3.4.4b,1,domestic-Struthioniformes,domestic-ave,domestic-Struthioniformes - Africa,Africa,domestic-Struthioniformes,Africa,0,1,1,minor,#cc9d33
240,72_52_1_1_2_1_1_4,NA,2.3.4.4b,1,wild-Anseriformes,wild-ave,wild-Anseriformes - North America,North America,wild-Anseriformes,North America,0,1,1,minor,#c9cc99
241,73_1_96_1_1_1_1_1,NA,2.3.4.4b,1,domestic-Galliformes,domestic-ave,domestic-Galliformes - Asia,Asia,domestic-Galliformes,Asia,0,1,1,minor,#a4cc66
242,74_1_1_1_18_1_1_1,NA,2.3.4.4b,1,wild-unknown avian,wild-ave,wild-unknown avian - North America,North America,wild-unknown avian,North America,0,1,1,minor,#5bcc33
243,75_3_1_1_18_1_1_8,NA,2.3.4.4b,1,wild-Passeriformes,wild-ave,wild-Passeriformes - North America,North America,wild-Passeriformes,North America,0,1,1,minor,#99cc9d
244,76_3_1_1_2_1_1_4,NA,2.3.4.4b,1,domestic-Anseriformes,domestic-ave,domestic-Anseriformes - North America,North America,domestic-Anseriformes,North America,0,1,1,minor,#66cc91
245,77_3_1_1_2_96_1_4,NA,2.3.4.4b,1,wild-Passeriformes,wild-ave,wild-Passeriformes - North America,North America,wild-Passeriformes,North America,0,1,1,minor,#33cca9
246,78_53_1_1_2_1_1_4,NA,2.3.4.4b,1,wild-Accipitriformes,wild-ave,wild-Accipitriformes - North America,North America,wild-Accipitriformes,North America,0,1,1,minor,#99c5cc
247,79_2_32_12_1_98_37_61,NA,EA_nonGsGD,1,domestic-Galliformes,domestic-ave,domestic-Galliformes - Europe,Europe,domestic-Galliformes,Europe,0,1,1,minor,#dcdcdc
248,7_1_1_1_2_1_1_1,H5N1/2022/R9_NAmerica,2.3.4.4b,6,wild-Mammal,mammal,wild-Mammal - North America,North America,wild-Mammal,North America,0.08199999999988,1,1,major,#669ccc
249,7_21_90_1_2_1_1_1,NA,2.3.4.4b,1,wild-Accipitriformes,wild-ave,wild-Accipitriformes - North America,North America,wild-Accipitriformes,North America,0,1,1,minor,#334fcc
250,7_4_1_1_2_1_1_1,H5N1/2022/R1_NAmerica,2.3.4.4b,105,"wild-Mammal, wild-Accipitriformes, domestic-Galliformes, domestic-Anseriformes, wild-Suliformes","mammal, wild-ave, domestic-ave","wild-Mammal - North America, wild-Accipitriformes - North America, domestic-Galliformes - North America, domestic-Anseriformes - North America, wild-Suliformes - North America",North America,wild-Accipitriformes,North America,1.14499999999998,1,3,major,#a199cc
251,7_4_6_1_2_1_1_1,H5N1/2022/R3_NAmerica,2.3.4.4b,88,"domestic-Galliformes, wild-Mammal, wild-Anseriformes, domestic-Anseriformes, wild-Accipitriformes, wild-Rheiformes, wild-Charadriiformes, wild-Strigiformes","domestic-ave, mammal, wild-ave","domestic-Galliformes - North America, wild-Mammal - North America, wild-Anseriformes - North America, domestic-Anseriformes - North America, wild-Accipitriformes - North America, wild-Rheiformes - North America, wild-Charadriiformes - North America, wild-Strigiformes - North America",North America,wild-Anseriformes,North America,1.01299999999992,1,3,major,#9966cc
252,8_1_1_1_2_1_1_1,H5N1/2022/R2_NAmerica,2.3.4.4b,151,"domestic-Galliformes, wild-Accipitriformes, wild-Mammal, domestic-Anseriformes, wild-Anseriformes, wild-Strigiformes, wild-Passeriformes, wild-unknown avian, wild-Charadriiformes, wild-Falconiformes, wild-Pelecaniformes","domestic-ave, wild-ave, mammal","domestic-Galliformes - North America, wild-Accipitriformes - North America, wild-Mammal - North America, domestic-Anseriformes - North America, wild-Anseriformes - North America, wild-Strigiformes - North America, wild-Passeriformes - North America, wild-unknown avian - North America, wild-Charadriiformes - North America, wild-Falconiformes - North America, wild-Pelecaniformes - North America",North America,wild-Accipitriformes,North America,1.13199999999983,1,3,major,#b533cc
253,8_49_1_1_42_77_1_1,NA,2.3.4.4b,1,domestic-Galliformes,domestic-ave,domestic-Galliformes - North America,North America,domestic-Galliformes,North America,0,1,1,minor,#cc99c1
254,8_4_1_1_2_1_1_1,NA,2.3.4.4b,1,wild-Anseriformes,wild-ave,wild-Anseriformes - North America,North America,wild-Anseriformes,North America,0,1,1,minor,#cc6693
255,9_1_5_2_1_3_1_2,H5N8/2020/R3_Asia,2.3.4.4b,111,"domestic-Galliformes, wild-Accipitriformes, domestic-Anseriformes, wild-unknown avian, wild-Anseriformes","domestic-ave, wild-ave","domestic-Galliformes - Asia, wild-Accipitriformes - Asia, domestic-Anseriformes - Asia, wild-unknown avian - Asia, wild-Anseriformes - Asia",Asia,wild-unknown avian,Asia,0.301999999999907,1,2,major,#cc3342